ID,PlayerID,Date,LocalTime,StandardTime,PickBan,WarmUp,Advantage,Map,StartSide,TKills,TAssists,TDeaths,CTKills,CTAssists,CTDeaths,Damage,ADR,HS,Result,Rank,Queue,Rating,AvgFriendly,AvgEnemy,AverageOverall,Comments,KASTPercentage,GamesToday,LossStreak,WinStreak,LeetifyRating,LeetifyPosition,LeetifyAim,LeetifyUtility
1,1,10/2/2023,11:25,11:25,Second,None,Neither,Nuke,CT,8,1,6,6,2,6,1420,67,35,Win,3739,1,,,,,,,1,0,1,,,,
2,1,10/3/2023,11:34,11:34,Second,None,Us,Anubis,CT,0,3,5,5,4,10,925,40,20,Win,3940,1,,,,,,,1,0,2,,,,
3,1,10/3/2023,20:31,20:31,Second,AimLabs,Us,Overpass,T,3,2,10,2,2,4,892,55,40,Loss,3999,1,,,,,,,2,1,0,,,,
4,1,10/3/2023,21:13,21:13,First,None,Them,Inferno,T,11,1,6,2,3,8,1286,61,30,Loss,3999,5,,,,,,,3,2,0,,,,
5,1,10/3/2023,22:18,22:18,Second,None,Them,Ancient,CT,15,0,7,3,1,10,2289,104,66,Loss,3999,5,,,,,,,4,3,0,,,,
6,1,10/4/2023,10:31,10:31,First,None,Neither,Vertigo,T,8,3,10,5,4,7,1683,84,23,Loss,3999,1,,,,,,,1,4,0,,,,
7,1,10/4/2023,11:17,11:17,Second,AimLabs,Us,Inferno,CT,0,0,0,10,1,5,,62,20,Win,3999,1,,,,,S,,2,0,1,,,,
8,1,10/4/2023,22:24,22:24,Second,None,Them,Mirage,CT,12,3,8,5,4,11,2046,85,29,Loss,4111,3,,,,,,,3,1,0,,,,
9,1,10/4/2023,23:29,23:29,First,None,Them,Nuke,T,7,,8,3,,9,1380,57,20,Loss,4010,3,,,,,,,4,2,0,,,,
10,1,10/5/2023,21:20,21:20,Second,None,Us,Overpass,T,6,2,10,0,1,4,635,39,33,Loss,4000,2,,,,,,,1,3,0,,,,
11,1,10/5/2023,21:52,21:52,Second,None,Us,Ancient,CT,4,4,4,6,1,11,890,46,0,Loss,4000,1,,,,,,,2,4,0,,,,
12,1,10/5/2023,23:27,23:27,Second,None,Us,Nuke,T,3,3,11,1,0,4,766,49,25,Loss,4000,3,,,,,,,3,5,0,,,,
13,1,10/5/2023,23:56,23:56,First,None,Us,Vertigo,CT,6,1,7,4,4,12,1424,74,30,Loss,4000,5,,,,,,,4,6,0,,,,
14,1,10/6/2023,15:53,15:53,First,AimLabs,Neither,Overpass,CT,5,3,4,11,7,7,1974,116,31,Win,4000,1,,,,,,,1,0,1,,,,
15,1,10/8/2023,10:23,10:23,Second,None,Them,Vertigo,T,7,4,11,1,1,4,1068,66,37,Loss,4112,1,,,,,,,1,1,0,,,,
16,1,10/8/2023,10:57,10:57,Second,None,Us,Overpass,CT,5,1,3,5,4,7,1308,72,40,Win,4000,1,,,,,,,2,0,1,,,,
17,1,10/8/2023,11:28,11:28,First,None,Us,Anubis,T,9,2,7,8,2,8,2128,92,23,Loss,4107,1,,,,,,,3,1,0,,,,
18,1,10/8/2023,21:25,21:25,First,None,Them,Mirage,T,1,4,11,1,2,4,737,100,43,Loss,4000,1,,,,,,,4,2,0,,,,
19,1,10/8/2023,21:55,21:55,First,None,Us,Mirage,T,4,5,11,9,1,11,1368,45,23,Tie,4000,1,,,,,,,5,0,0,,,,
20,1,10/8/2023,22:47,22:47,First,None,Neither,Inferno,T,13,4,6,10,3,10,2742,97,39,Win,4053,1,,,,,,,6,0,1,,,,
21,1,10/9/2023,10:27,10:27,Second,AimLabs,Them,Vertigo,T,4,1,9,6,2,9,1318,54,40,Win,4168,1,,,,,,,1,0,2,,,,
22,1,10/9/2023,11:16,11:16,First,AimLabs,Us,Mirage,T,8,1,9,5,1,7,1599,72,38,Loss,4271,1,,,,,EL,,2,1,0,,,,
23,1,10/9/2023,23:15,23:15,Second,None,Them,Nuke,CT,11,5,7,8,5,7,2316,96,36,Win,4000,3,,,,,,,3,0,1,,,,
24,1,10/9/2023,23:58,23:58,Second,None,Us,Anubis,CT,1,0,4,6,4,9,1005,62,28,Loss,4110,3,,,,,,,4,1,0,,,,
25,1,10/10/2023,14:39,14:39,Second,AimLabs,Us,Overpass,T,2,4,9,8,3,10,1372,57,20,Loss,4000,1,,,,,TML,,1,2,0,,,,
26,1,10/11/2023,10:22,10:22,First,AimLabs,Us,Mirage,CT,3,3,10,5,6,9,1246,51,12,Loss,4000,1,,,,,,,1,3,0,,,,
27,1,10/11/2023,11:15,11:15,First,AimLabs,Us,Inferno,T,6,5,9,2,1,1,976,57,12,Win,3613,1,,,,,,,2,0,1,,,,
28,1,10/14/2023,17:28,17:28,Second,None,Them,Vertigo,CT,12,1,4,7,2,10,1765,84,42,Loss,3750,3,,,,,,,1,1,0,,,,
29,1,10/14/2023,19:17,19:17,Second,None,Us,Anubis,CT,5,2,5,8,2,8,1474,77,30,Loss,3750,1,,,,,,,2,2,0,,,,
30,1,10/14/2023,22:33,22:33,Second,None,Them,Vertigo,CT,0,0,0,0,1,5,,7,0,Loss,3750,1,,,,,S,,3,3,0,,,,
31,1,10/14/2023,22:53,22:53,Second,AimLabs,Them,Nuke,T,9,1,9,8,1,2,1419,70,23,Win,3750,1,,,,,EL,,4,0,1,,,,
32,1,10/15/2023,10:49,10:49,Second,AimLabs,Us,Overpass,CT,4,1,3,7,4,10,1362,75,18,Win,3866,1,,,,,EL,,1,0,2,,,,
33,1,10/15/2023,11:26,11:26,First,None,Us,Mirage,T,11,4,9,10,3,7,1768,76,23,Loss,3973,1,,,,,,,2,1,0,,,,
34,1,10/15/2023,15:37,15:37,Second,AimLabs,Us,Nuke,CT,0,1,2,8,3,11,1068,76,25,Loss,3973,1,,,,,,,3,2,0,,,,
35,1,10/15/2023,18:31,18:31,First,None,Us,Vertigo,T,14,3,11,10,5,7,2208,100,29,Loss,3973,1,,,,,,,4,3,0,,,,
36,1,10/15/2023,19:15,19:15,First,None,Us,Overpass,T,9,3,6,3,2,9,1394,63,25,Loss,3973,1,,,,,,,5,4,0,,,,
37,1,10/15/2023,20:37,20:37,First,None,Us,Nuke,T,8,3,8,4,2,7,1664,83,26,Loss,3973,1,,,,,,,6,5,0,,,,
38,1,10/15/2023,21:34,21:34,Second,AimLabs,Us,Overpass,CT,5,5,6,12,2,5,1975,98,29,Win,3973,1,,,,,,,7,0,1,,,,
39,1,10/15/2023,22:42,22:42,First,AimLabs,Us,Mirage,CT,4,1,3,14,4,6,1833,114,11,Win,4079,1,,,,,,,8,0,2,,,,
40,1,10/15/2023,23:42,23:42,Second,None,Us,Mirage,CT,1,3,3,7,1,5,907,56,25,Win,4195,1,,,,,,,9,0,3,,,,
41,1,10/15/2023,23:57,23:57,Second,None,Us,Vertigo,CT,6,0,1,10,2,8,1661,103,31,Win,4313,5,,,,,,,10,0,4,,,,
42,1,10/16/2023,0:25,0:25,Second,None,Us,Overpass,CT,5,2,1,5,6,8,1521,84,20,Win,4416,5,,,,,,,1,0,5,,,,
43,1,10/16/2023,15:11,15:11,First,AimLabs,Us,Mirage,T,10,2,4,2,1,4,973,51,41,Win,4518,1,,,,,EL,,2,0,6,,,,
44,1,10/16/2023,16:05,16:05,First,AimLabs,Us,Ancient,T,1,4,12,0,1,2,625,44,100,Loss,4618,1,,,,,TML,,3,1,0,,,,
45,1,10/16/2023,19:42,19:42,First,AimLabs,Us,Overpass,T,12,2,7,10,3,11,2067,86,4,Loss,4049,1,,,,,,,4,2,0,,,,
46,1,10/16/2023,20:35,20:35,Second,None,Us,Mirage,CT,4,0,5,13,2,8,2095,116,17,Loss,3551,1,,,,,,,5,3,0,,,,
47,1,10/16/2023,21:17,21:17,First,None,Them,Mirage,T,10,2,13,13,4,7,2606,96,39,Win,3551,1,,,,,,,6,0,1,,,,
48,1,10/17/2023,16:14,16:14,Second,None,Us,Overpass,CT,15,7,9,8,2,11,2358,84,13,Win,3666,1,,,,,,,1,0,2,,,,
49,1,10/17/2023,21:32,21:32,Second,None,Them,Vertigo,CT,5,3,8,7,2,8,1464,69,8,Loss,3776,5,,,,,,,2,1,0,,,,
50,1,10/17/2023,22:04,22:04,Second,None,Us,Nuke,T,4,3,11,1,4,6,1074,59,40,Loss,3776,1,,,,,,,3,2,0,,,,
51,1,10/17/2023,22:41,22:41,First,None,Us,Vertigo,T,10,3,8,10,3,5,2135,106,15,Win,3776,1,,,,,TML,,4,0,1,,,,
52,1,10/17/2023,23:27,23:27,First,AimLabs,Us,Mirage,T,9,4,7,4,2,5,1463,78,7,Win,3897,1,,,,,,,5,0,2,,,,
53,1,10/21/2023,15:09,15:09,Second,None,Us,Vertigo,CT,2,3,7,6,2,9,1670,69,37,Win,4010,1,,,,,,,1,0,3,,,,
54,1,10/21/2023,18:00,18:00,First,None,Neither,Vertigo,T,18,5,4,4,7,7,2450,122,31,Win,4134,1,,,,,,,2,0,4,,,,
55,1,10/21/2023,18:51,18:51,First,AimLabs,Them,Inferno,T,12,3,7,7,0,6,2007,91,42,Win,4247,1,,,,,,,3,0,5,,,,
56,1,10/21/2023,19:36,19:36,Second,None,Us,Ancient,CT,9,1,5,5,2,11,1560,79,7,Loss,4352,1,,,,,,,4,1,0,,,,
57,1,10/22/2023,15:52,15:52,Second,None,Us,Mirage,CT,0,0,0,6,3,5,,105,17,Win,4045,1,,,,,S,,1,0,1,,,,
58,1,10/22/2023,16:09,16:09,Second,None,Us,Inferno,CT,1,2,3,9,1,10,1016,67,30,Loss,4145,1,,,,,,,2,1,0,,,,
59,1,10/22/2023,16:45,16:45,First,None,Us,Overpass,T,3,1,10,12,1,6,1470,70,20,Loss,4028,2,,,,,,,3,2,0,,,,
60,1,10/22/2023,19:11,19:11,First,AimLabs,Neither,Inferno,CT,8,3,10,10,2,11,1601,60,22,Win,3868,1,,,,,,,4,0,1,,,,
61,1,10/22/2023,20:37,20:37,First,AimLabs,Them,Mirage,T,4,2,10,10,2,5,1752,97,21,Loss,3984,1,,,,,,,5,1,0,,,,
62,1,10/22/2023,21:09,21:09,Second,None,Us,Overpass,CT,8,1,7,3,4,10,1362,56,18,Loss,3984,2,,,,,,,6,2,0,,,,
63,1,10/22/2023,21:49,21:49,Second,None,Us,Inferno,T,10,2,9,4,0,5,1468,86,26,Loss,3984,3,,,,,2TML,,7,3,0,,,,
64,1,10/22/2023,22:24,22:24,Second,None,Us,Nuke,CT,2,1,0,12,2,4,1406,100,21,Win,3984,2,,,,,,,8,0,1,,,,
65,1,10/23/2023,10:30,10:30,Second,None,Them,Overpass,CT,4,3,10,7,4,12,1504,62,27,Loss,4086,1,,,,,,,1,1,0,,,,
66,1,10/23/2023,11:21,11:21,First,None,Us,Overpass,T,8,5,6,6,3,6,1621,77,21,Win,3611,1,,,,,,,2,0,1,,,,
67,1,10/23/2023,21:27,21:27,First,None,Them,Ancient,T,6,2,8,3,2,9,1241,53,10,Loss,3729,5,,,,,,,3,1,0,,,,
68,1,10/23/2023,22:08,22:08,First,None,Us,Vertigo,T,4,2,9,8,1,7,1270,63,8,Win,3729,1,,,,,,,4,0,1,,,,
69,1,10/25/2023,11:22,11:22,First,AimLabs,Them,Anubis,CT,4,4,11,10,6,14,2067,69,42,Tie,3831,1,,,,,,,1,0,0,,,,
70,1,10/25/2023,20:58,20:58,First,AimLabs,Us,Nuke,T,13,5,6,7,1,5,2047,107,20,Win,3881,1,,,,,,,2,0,1,,,,
71,1,10/25/2023,21:28,21:28,Second,None,Us,Mirage,CT,8,5,10,10,1,8,2056,70,38,Loss,3998,1,,,,,,,3,1,0,,,,
72,1,10/25/2023,22:59,22:59,Second,None,Neither,Mirage,CT,2,1,6,15,3,10,1627,90,11,Loss,3998,1,,,,,,,4,2,0,,,,
73,1,10/26/2023,22:16,22:16,Second,None,Us,Nuke,CT,9,4,11,7,2,13,1960,68,18,Loss,3998,1,,,,,,,1,3,0,,,,
74,1,10/26/2023,23:14,23:14,First,AimLabs,Us,Ancient,T,5,4,6,7,1,5,1429,79,25,Win,3998,1,,,,,,,2,0,1,,,,
75,1,10/26/2023,16:01,16:01,First,AimLabs,Us,Ancient,T,7,5,8,4,5,9,1670,72,36,Win,4100,1,,,,,,,3,0,2,,,,
76,1,10/28/2023,15:37,15:37,First,None,Us,Vertigo,T,6,1,7,8,1,7,1346,70,35,Loss,4203,1,,,,,,,1,1,0,,,,
77,1,10/28/2023,16:11,16:11,Second,None,Us,Mirage,CT,3,0,5,4,8,8,1163,64,0,Loss,3676,1,,,,,,,2,2,0,,,,
78,1,10/28/2023,21:45,21:45,First,None,Us,Mirage,T,9,1,10,7,5,7,1767,73,37,Win,3676,1,,,,,,,3,0,1,,,,
79,1,10/28/2023,22:28,22:28,Second,None,Them,Ancient,CT,4,8,9,7,3,9,1660,76,16,Loss,3788,1,,,,,,,4,1,0,,,,
80,1,10/28/2023,23:05,23:05,First,None,Us,Anubis,T,10,2,9,12,1,8,1715,71,18,Loss,3788,1,,,,,,,5,2,0,,,,
81,1,10/29/2023,11:11,11:11,First,None,Us,Ancient,T,10,4,3,7,0,6,1668,87,5,Win,3788,1,,,,,,,1,0,1,,,,
82,1,10/29/2023,11:55,11:55,Second,AimLabs,Us,Nuke,CT,0,0,0,1,4,7,361,47,0,Loss,3908,1,,,,,S,,2,1,0,,,,
83,1,10/29/2023,12:11,12:11,First,None,Them,Vertigo,T,6,1,5,0,0,0,666,83,16,Loss,3908,1,,,,,S,,3,2,0,,,,
84,1,10/29/2023,12:36,12:36,Second,AimLabs,Us,Overpass,T,8,6,7,6,3,9,1975,82,50,Loss,3908,1,,,,,TMLEL,,4,3,0,,,,
85,1,10/29/2023,19:18,19:18,Second,None,Us,Overpass,CT,6,4,12,10,4,11,1657,57,12,Win,3908,1,,,,,,,5,0,1,,,,
86,1,10/29/2023,20:14,20:14,Second,None,Us,Overpass,CT,12,2,5,14,0,7,2524,105,19,Win,4022,1,,,,,,,6,0,2,,,,
87,1,10/29/2023,21:13,21:13,Second,AimLabs,Them,Inferno,CT,3,1,6,12,4,7,1873,93,20,Loss,4132,1,,,,,,,7,1,0,,,,
88,1,10/29/2023,22:01,22:01,First,AimLabs,Us,Overpass,CT,2,1,4,8,8,7,1493,87,20,Win,3558,1,,,,,,,8,0,1,,,,
89,1,10/29/2023,22:52,22:52,Second,AimLabs,Them,Mirage,CT,3,1,1,17,4,5,,121,15,Win,3662,1,,,,,,,9,0,2,,,,
90,1,10/29/2023,23:32,23:32,Second,AimLabs,Us,Inferno,CT,11,4,3,11,2,8,2244,102,22,Win,3784,1,,,,,,,10,0,3,,,,
91,1,10/31/2023,19:35,19:35,Second,None,Us,Vertigo,CT,4,2,7,8,5,8,1776,84,16,Win,3902,1,,,,,,,1,0,4,,,,
92,1,10/31/2023,20:30,20:30,Second,AimLabs,Us,Inferno,CT,6,2,9,10,3,6,1497,62,37,Win,4018,1,,,,,,,2,0,5,,,,
93,1,10/31/2023,22:44,22:44,Second,AimLabs,Us,Anubis,T,4,6,10,4,0,5,1202,70,12,Loss,4124,1,,,,,,,3,1,0,,,,
94,1,10/31/2023,23:16,23:16,First,None,,Nuke,T,8,3,9,8,5,10,1753,76,18,Loss,3875,1,,,,,,,4,2,0,,,,
95,1,11/2/2023,22:08,22:08,Second,None,Us,Ancient,T,13,3,10,9,2,5,1997,86,4,Loss,3875,2,,,,,,,1,3,0,,,,
96,1,11/2/2023,22:47,22:47,Second,None,Them,Nuke,CT,11,3,9,9,5,10,2182,94,20,Loss,3875,2,,,,,,,2,4,0,,,,
97,1,11/2/2023,23:27,23:27,First,None,Us,Overpass,T,8,4,13,12,4,13,2728,90,30,Loss,3875,2,,,,,,,3,5,0,,,,
98,1,11/3/2023,21:34,21:34,First,None,Us,Nuke,CT,3,2,6,10,1,4,1253,69,7,Win,3875,1,,,,,,,1,0,1,,,,
99,1,11/3/2023,22:20,22:20,Second,AimLabs,Us,Anubis,T,7,3,5,4,2,7,1465,69,18,Win,3984,1,,,,,,,2,0,2,,,,
100,1,11/3/2023,22:52,22:52,First,None,Neither,Vertigo,T,4,4,10,16,6,10,2136,71,15,Win,4097,2,,,,,,,3,0,3,,,,
101,1,11/4/2023,0:05,0:05,First,None,Neither,Nuke,T,13,4,9,9,2,8,2631,131,22,Loss,4199,3,,,,,2TML,,1,1,0,,,,
102,1,11/4/2023,0:43,0:43,First,None,Them,Mirage,T,10,3,5,3,3,3,1585,93,15,Win,3647,3,,,,,,,2,0,1,,,,
103,1,11/4/2023,22:35,22:35,First,None,Us,Ancient,T,13,2,8,11,2,8,2553,106,20,Loss,3755,1,,,,,,,3,1,0,,,,
104,1,11/4/2023,23:20,23:20,First,None,Them,Inferno,T,11,0,9,1,2,7,1233,61,18,Loss,3755,1,,,,,,,4,2,0,,,,
105,1,11/5/2023,0:05,0:05,Second,None,Us,Vertigo,T,11,4,9,7,0,4,1976,94,22,Win,3755,2,,,,,,,1,0,1,,,,
106,1,11/5/2023,0:42,0:42,Second,None,Them,Nuke,CT,9,1,7,12,8,7,2294,104,28,Win,3865,3,,,,,,,2,0,2,,,,
107,1,11/5/2023,1:28,1:28,First,None,Them,Overpass,T,9,4,9,8,5,9,2108,91,23,Loss,3983,3,,,,,,,3,1,0,,,,
108,1,11/5/2023,15:48,15:48,First,AimLabs,Us,Anubis,T,10,6,7,5,2,5,1548,86,13,Win,3983,1,,,,,,,4,0,1,,,,
109,1,11/5/2023,16:34,16:34,Second,AimLabs,Us,Vertigo,T,8,4,9,9,2,5,1891,90,41,Win,4090,1,,,,,,,5,0,2,,,,
110,1,11/5/2023,20:04,20:04,First,None,Us,Overpass,T,18,3,11,19,7,10,4121,137,10,Tie,4196,1,,,,,TML,,6,0,0,,,,
111,1,11/5/2023,21:12,21:12,Second,None,Them,Anubis,CT,5,6,12,17,4,9,2392,79,8,Loss,4138,5,,,,,,,7,1,0,,,,
112,1,11/5/2023,22:07,22:07,First,None,Us,Vertigo,T,10,4,10,12,1,10,2145,71,4,Tie,3603,5,,,,,,,8,0,0,,,,
113,1,11/5/2023,23:06,23:06,Second,None,Us,Nuke,CT,4,3,8,7,2,10,1627,77,36,Loss,3653,2,,,,,,,9,1,0,,,,
114,1,11/5/2023,11:17,11:17,First,None,Us,Ancient,T,9,7,10,3,0,2,1382,86,25,Win,3653,3,,,,,,,10,0,1,,,,
115,1,11/7/2023,21:12,21:12,Second,None,Them,Inferno,CT,2,1,5,13,0,5,1344,70,33,Win,3753,2,,,,,,,1,0,2,,,,
116,1,11/7/2023,21:46,21:46,Second,None,Us,Mirage,CT,5,3,2,3,4,7,1082,63,12,Win,4126,2,,,,,,,2,0,3,,,,
117,1,11/7/2023,22:16,22:16,First,None,Neither,Inferno,CT,12,2,9,9,1,7,1891,78,19,Win,4494,2,,,,,,,3,0,4,,,,
118,1,11/7/2023,23:04,23:04,Second,None,Us,Vertigo,CT,9,4,12,9,3,12,2257,77,33,Loss,4851,2,,,,,,,4,1,0,,,,
119,1,11/8/2023,11:06,11:06,Second,AimLabs,Them,Nuke,CT,8,1,2,10,3,8,1669,92,27,Win,4745,1,,,,,,,1,0,1,,,,
120,1,11/8/2023,22:41,22:41,Second,None,Us,Anubis,T,8,1,6,4,0,3,1121,56,16,Win,4999,3,1.04,4978,4037,4748,,,2,0,2,,,,
121,1,11/8/2023,23:19,23:19,First,None,Us,Nuke,T,3,5,10,5,6,9,1500,68,12,Loss,5103,3,0.5,5492,5422,5611,,,3,1,0,,,,
122,1,11/9/2023,0:12,0:12,Second,AimLabs,Them,Overpass,CT,7,0,2,11,3,9,1776,88,21,Win,5000,1,1.53,4665,4420,4642,,,1,0,1,,,,
123,1,11/9/2023,21:55,21:55,First,None,Them,Nuke,T,11,4,12,9,8,11,2564,91,5,Loss,5361,1,1.23,5108,4978,5171,,,2,1,0,,,,
124,1,11/9/2023,22:52,22:52,First,None,Us,Nuke,T,15,3,8,9,5,10,2296,79,8,Win,5256,3,1.26,4611,4550,4647,,,3,0,1,,,,
125,1,11/9/2023,23:49,23:49,Second,None,Us,Ancient,T,6,4,12,9,0,8,1690,90,33,Loss,5377,3,0.9,5018,4094,4656,,,4,1,0,,,,
126,1,11/10/2023,16:00,16:00,First,AimLabs,Us,Mirage,T,14,1,4,13,1,7,2381,108,22,Win,5266,1,1.79,4669,4104,4459,,,1,0,1,,,,
127,1,11/10/2023,19:52,19:52,Second,None,Neither,Nuke,CT,5,4,4,10,2,6,1510,79,20,Win,5371,5,1.33,4600,4177,4491,,,2,0,2,,,,
128,1,11/10/2023,20:28,20:28,Second,None,Neither,Anubis,CT,1,0,1,7,1,4,638,42,25,Win,5531,2,1.08,4314,4426,4494,,,3,0,3,,,,
129,1,11/10/2023,20:57,20:57,First,None,Us,Nuke,T,7,2,11,9,3,7,1997,83,22,Loss,5730,2,1.14,5513,4699,5196,,,4,1,0,,,,
130,1,11/11/2023,16:16,16:16,Second,None,Us,Inferno,CT,4,5,9,8,0,11,1880,70,33,Loss,5630,1,0.78,4684,4802,4859,,,1,2,0,,,,
131,1,11/11/2023,17:15,17:15,Second,AimLabs,Us,Mirage,CT,3,0,7,7,1,9,927,48,0,Loss,5462,1,0.58,4988,4991,5029,,,2,3,0,,,,
132,1,11/11/2023,21:29,21:29,Second,None,Them,Ancient,T,6,8,8,6,0,7,1759,87,8,Loss,5253,2,1,4927,4104,4547,,,3,4,0,,,,
133,1,11/11/2023,22:03,22:03,First,None,Us,Inferno,T,15,1,12,1,1,5,1169,69,37,Loss,5047,2,1.01,4754,4624,4582,TML,,4,5,0,,,,
134,1,11/11/2023,23:06,23:06,First,AimLabs,Us,Anubis,T,4,3,7,8,2,8,1436,59,8,Win,5000,2,0.9,4878,3822,4208,,,5,0,1,,,,
135,1,11/12/2023,11:24,11:24,First,None,Them,Mirage,CT,7,3,13,14,3,10,2016,67,14,Tie,5113,1,0.98,4882,4736,4795,,,1,0,0,,,,
136,1,11/12/2023,19:42,19:42,First,AimLabs,Us,Nuke,T,4,5,9,8,4,9,1393,60,16,Win,5167,1,0.88,4251,4689,4511,,,2,0,1,,,,
137,1,11/12/2023,20:32,20:32,Second,None,Us,Nuke,T,9,5,7,8,4,7,2138,97,17,Win,5280,1,1.24,4836,4388,4870,,,3,0,2,,,,
138,1,11/12/2023,21:13,21:13,Second,None,Us,Anubis,T,5,5,11,5,2,6,1091,60,20,Loss,5388,1,0.76,4956,5048,5047,,,4,1,0,,,,
139,1,11/12/2023,22:02,22:02,Second,AimLabs,Us,Nuke,CT,3,1,0,10,4,5,1437,89,23,Win,5239,1,1.57,6025,5890,6058,,,5,0,1,,,,
140,1,11/12/2023,22:33,22:33,Second,None,Us,Inferno,CT,5,3,3,11,0,7,1481,82,37,Win,5353,1,1.43,5025,5898,5349,,,6,0,2,,,,
141,1,11/12/2023,23:12,23:12,First,None,Us,Overpass,T,2,0,10,8,5,8,1468,69,0,Loss,5519,1,0.72,5348,5646,5523,,,7,1,0,,,,
142,1,11/14/2023,23:44,23:44,Second,None,Us,Nuke,CT,10,2,9,11,2,7,1978,82,14,Loss,5416,1,1.19,7471,5643,6672,,,1,2,0,,,,
143,1,11/15/2023,11:05,11:05,First,None,Us,Ancient,CT,3,2,2,17,5,7,1879,117,20,Win,5309,1,2,4925,5086,5153,,,1,0,1,,,,
144,1,11/15/2023,11:30,11:30,First,None,Neither,Anubis,T,4,3,8,4,1,2,1171,68,12,Win,5670,1,0.96,5278,4706,4731,EL,,2,0,2,,,,
145,1,11/15/2023,23:12,23:12,Second,AimLabs,Them,Nuke,T,6,5,7,6,3,8,1862,88,16,Loss,6030,1,0.96,5385,6488,6036,,,3,1,0,,,,
146,1,11/15/2023,0:01,0:01,First,AimLabs,Neither,Vertigo,T,8,4,8,13,2,8,1843,76,14,Win,5923,1,1.31,4685,5645,5277,,,4,0,1,,,,
147,1,11/20/2023,11:13,11:13,Second,AimLabs,Them,Ancient,CT,6,4,7,7,3,6,1461,69,30,Win,6276,1,1.08,5226,6550,5962,,,1,0,2,,,,
148,1,11/20/2023,12:48,12:48,Second,None,Us,Inferno,CT,3,2,4,10,4,5,1295,76,15,Win,6632,2,1.32,8652,6703,7637,,,2,0,3,,,,
149,1,11/20/2023,22:59,22:59,First,AimLabs,Neither,Nuke,T,10,2,8,8,3,9,2103,87,16,Win,6998,1,1.18,7612,8806,8297,,,3,0,4,,,,
150,1,11/20/2023,23:43,23:43,First,None,Neither,Ancient,CT,6,2,5,10,1,9,1919,101,25,Loss,7348,3,1.2,5540,6636,6124,,,4,1,0,,,,
151,1,11/21/2023,0:18,0:18,Second,None,Them,Overpass,CT,3,2,10,6,3,10,1058,58,11,Loss,7224,2,0.76,6650,7197,7041,,,1,2,0,,,,
152,1,11/21/2023,14:43,14:43,Second,None,Us,Mirage,CT,7,2,8,10,1,5,1585,66,11,Win,7118,1,1.19,8888,9994,9441,EL,,2,0,1,,,,
153,1,11/21/2023,19:00,19:00,First,None,Us,Nuke,T,8,4,10,8,7,9,2237,77,25,Win,7483,2,1.01,8203,7057,7748,,,3,0,2,,,,
154,1,11/21/2023,20:55,20:55,Second,AimLabs,Us,Anubis,T,9,2,9,4,1,6,1547,81,0,Loss,7837,1,0.97,7912,6126,7135,,,4,1,0,,,,
155,1,11/21/2023,21:34,21:34,First,AimLabs,Us,Mirage,CT,2,9,6,4,7,8,1325,57,50,Win,7720,1,0.7,7808,5605,6764,,,5,0,1,,,,
156,1,11/21/2023,22:16,22:16,Second,None,,Inferno,CT,2,5,8,6,2,10,1287,53,37,Win,8087,1,0.55,8148,6863,7633,,,6,0,2,,,,
157,1,11/21/2023,23:03,23:03,Second,None,Us,Overpass,T,7,5,9,6,4,7,1569,75,15,Loss,8456,2,0.96,7282,7819,7546,,,7,1,0,,,,
158,1,11/21/2023,23:45,23:45,First,None,Them,Overpass,T,5,7,13,8,6,14,2146,71,38,Loss,8333,2,0.79,6913,7325,7195,,,8,2,0,,,,
159,1,11/26/2023,20:50,20:50,First,None,Us,Mirage,CT,2,4,2,11,6,6,1968,109,23,Win,8233,3,1.42,6349,7498,6867,,,1,0,1,,,,
160,1,11/26/2023,21:27,21:27,First,None,Them,Ancient,T,11,5,10,3,1,6,1682,93,50,Loss,8591,5,1.12,5933,7133,6654,,,2,1,0,,,,
161,1,11/26/2023,22:06,22:06,Second,None,Them,Overpass,CT,6,2,5,13,4,7,1904,100,31,Win,8469,5,1.6,6611,5284,5844,,,3,0,1,,,,
162,1,11/26/2023,22:44,22:44,First,None,Them,Inferno,T,10,3,8,6,0,8,1519,63,25,Loss,8835,5,0.93,5668,7193,6699,,,4,1,0,,,,
163,1,11/26/2023,23:35,23:35,Second,None,Them,Inferno,CT,4,1,7,10,1,9,1345,64,57,Loss,8728,4,0.9,5678,6480,6102,,,5,2,0,,,,
164,1,11/28/2023,20:48,20:48,Second,AimLabs,Them,Nuke,CT,13,5,12,14,3,14,2654,88,22,Loss,8419,1,1.25,6856,7341,7081,,,1,3,0,,,,
165,1,11/28/2023,21:49,21:49,Second,AimLabs,Us,Ancient,CT,12,6,10,13,2,13,2883,96,20,Win,7909,1,1.22,7231,8069,7692,,,2,0,1,,,,
166,1,11/28/2023,22:53,22:53,Second,AimLabs,Us,Mirage,CT,7,1,8,6,0,6,1092,47,15,Win,8032,1,0.96,7792,6338,7056,,,3,0,2,,,,
167,1,11/28/2023,23:34,23:34,First,None,Us,Mirage,T,5,1,8,10,1,6,1585,68,33,Loss,8175,1,1.04,6838,7895,7489,,,4,1,0,,,,
168,1,11/29/2023,21:53,21:53,Second,None,Us,Vertigo,T,7,7,10,1,2,7,1064,53,25,Loss,8059,1,0.68,6238,7333,6948,,,1,2,0,,,,
169,1,11/29/2023,22:29,22:29,Second,None,Neither,Nuke,T,5,3,12,12,4,4,2030,84,29,Win,7921,1,1.23,7738,6605,7138,,,2,0,1,,,,
170,1,11/29/2023,23:29,23:29,First,None,Us,Vertigo,T,9,2,9,9,0,6,1462,66,27,Win,8033,2,1.2,5469,7127,6293,,,3,0,2,,,,
171,1,11/29/2023,23:56,23:56,Second,None,Us,Ancient,T,12,2,6,11,6,8,2611,108,26,Win,8140,2,1.54,6083,6397,6297,,,4,0,3,,,,
172,1,11/30/2023,21:51,21:51,First,AimLabs,Us,Inferno,T,7,4,10,4,3,8,1597,65,18,Loss,8413,1,0.86,7215,7127,7512,,,1,1,0,,,,
173,1,11/30/2023,22:36,22:36,First,None,Us,Mirage,T,11,1,8,12,1,6,2194,95,21,Loss,8302,1,1.43,7714,6607,7327,,,2,2,0,,,,
174,1,11/30/2023,23:24,23:24,First,AimLabs,Them,Vertigo,T,12,3,9,4,8,8,1915,79,18,Win,8181,1,1.14,7458,7517,7745,,,3,0,1,,,,
175,1,12/1/2023,20:58,20:58,First,None,Them,Anubis,T,2,5,11,3,3,5,1036,57,40,Loss,8720,2,0.5,10322,12526,11553,,,1,1,0,,,,
176,1,12/1/2023,21:41,21:41,First,None,Us,Mirage,T,9,1,9,9,1,5,1689,73,33,Win,8597,2,1.14,8314,6428,7881,,,2,0,1,,,,
177,1,12/2/2023,0:21,0:21,First,AimLabs,Us,Mirage,T,8,0,10,7,6,9,1841,76,26,Win,9092,1,0.97,9651,9828,9862,,,1,0,2,,,,
178,1,12/3/2023,0:31,0:31,First,None,Us,Nuke,CT,5,0,2,5,0,6,889,52,10,Win,9588,2,1.01,8581,7140,8001,,,1,0,3,,,,
179,1,12/3/2023,0:57,0:57,Second,None,Us,Mirage,CT,3,2,4,9,1,12,1580,87,25,Loss,9999,2,0.91,8087,9283,8652,TML,,2,1,0,,,,
180,1,12/3/2023,17:35,17:35,Second,None,Them,Overpass,CT,10,5,12,15,4,9,2538,87,24,Win,9884,3,1.25,7207,7334,7390,,,3,0,1,,,,
181,1,12/3/2023,20:25,20:25,First,None,Them,Vertigo,T,7,6,10,9,2,5,2234,97,50,Win,9999,2,1.31,8505,8426,8551,,,4,0,2,,,,
182,1,12/3/2023,21:01,21:01,First,None,Us,Nuke,T,9,5,7,7,1,5,1764,84,12,Win,10124,2,1.31,7980,9543,8891,,,5,0,3,,,,
183,1,12/3/2023,22:28,22:28,Second,None,Them,Anubis,CT,11,3,6,8,1,8,2023,91,26,Loss,10571,4,1.35,7187,8027,7623,,,6,1,0,,,,
184,1,12/3/2023,23:30,23:30,Second,None,Us,Vertigo,CT,6,4,6,9,4,8,1597,76,53,Loss,10451,4,1.16,7547,8696,8219,,,7,2,0,,,,
185,1,12/4/2023,22:10,22:10,Second,None,Them,Overpass,CT,9,5,11,5,4,11,1842,61,64,Tie,10347,3,0.82,7512,8062,7776,,,1,0,0,,,,
186,1,12/4/2023,23:35,23:35,First,None,Them,Inferno,T,9,2,10,12,4,10,2488,88,47,Loss,10291,3,1.21,7057,10237,8428,,,2,1,0,,,,
187,1,12/5/2023,20:24,20:24,Second,None,Us,Nuke,CT,3,0,5,10,4,8,1320,69,30,Win,10169,2,1,8007,9961,9504,,,1,0,1,,,,
188,1,12/5/2023,21:09,21:09,Second,AimLabs,Them,Mirage,CT,7,5,9,12,2,10,2451,81,47,Loss,10531,1,1,9533,9405,9592,,,2,1,0,,,,
189,1,12/5/2023,22:20,22:20,First,AimLabs,Us,Ancient,T,8,5,11,13,1,8,2070,90,28,Loss,10409,1,1.3,9927,7493,8914,,,3,2,0,,,,
190,1,12/5/2023,23:10,23:10,Second,AimLabs,Us,Nuke,CT,8,4,10,5,3,11,1876,78,46,Win,10303,1,0.77,9840,10838,10431,,,4,0,1,,,,
191,1,12/5/2023,23:55,23:55,Second,None,Us,Nuke,CT,3,0,6,6,3,10,1241,65,33,Loss,10673,2,0.63,10421,11768,11070,,,5,1,0,,,,
192,1,12/5/2023,23:31,23:31,First,AimLabs,Them,Anubis,CT,5,6,10,9,3,9,1726,71,21,Loss,10549,1,0.96,10510,11866,11180,,,6,2,0,,,,
193,1,12/7/2023,21:47,21:47,First,AimLabs,Us,Mirage,CT,2,3,7,8,4,6,1394,63,30,Loss,10442,1,0.87,9043,8785,9027,,,1,3,0,,,,
194,1,12/7/2023,22:42,22:42,First,AimLabs,Them,Ancient,T,10,4,12,15,4,8,2364,78,32,Tie,10324,1,1.29,9418,8272,8913,,,2,0,0,,,,
195,1,12/7/2023,23:45,23:45,First,AimLabs,Them,Mirage,T,5,3,10,12,4,10,1880,78,23,Loss,10383,1,0.97,9008,10289,9568,,,3,1,0,,,,
196,1,12/8/2023,21:34,21:34,Second,None,Them,Mirage,T,7,2,6,7,0,2,1368,76,28,Win,10000,2,1.36,7658,8741,8337,,,1,0,1,,,,
197,1,12/8/2023,22:05,22:05,Second,None,Them,Mirage,CT,3,1,7,14,7,9,1878,93,47,Loss,10123,2,1.3,8380,8250,8373,TML,,2,1,0,,,,
198,1,12/8/2023,22:42,22:42,Second,None,Us,Vertigo,CT,9,4,2,7,3,8,1897,103,43,Win,10000,1,1.48,8998,9325,9201,,,3,0,1,,,,
199,1,12/8/2023,23:16,23:16,Second,None,Them,Nuke,T,4,8,10,6,3,8,1741,79,30,Loss,10116,1,0.75,9154,8239,8763,,,4,1,0,,,,
200,1,12/9/2023,18:43,18:43,First,None,Them,Anubis,T,8,9,5,6,0,12,1799,78,14,Loss,10000,1,1.04,9035,8052,8637,,,1,2,0,,,,
201,1,12/9/2023,20:39,20:39,Second,None,Us,Ancient,CT,12,3,7,19,5,7,2792,116,35,Win,9887,1,1.91,8968,10390,9562,,,2,0,1,,,,
202,1,12/9/2023,23:16,23:16,First,None,Neither,Vertigo,T,17,2,9,14,1,3,2758,131,32,Win,9999,5,2.1,7055,7330,7295,,,3,0,2,,,,
203,1,12/9/2023,23:55,23:55,First,None,Us,Nuke,T,12,2,8,2,0,5,1401,73,28,Win,10110,5,1.13,7394,8015,7734,,,4,0,3,,,,
204,1,12/10/2023,21:02,21:02,Second,None,Us,Mirage,T,2,0,11,0,0,2,618,44,0,Loss,10216,2,-0.06,9152,14018,9925,BC,,1,1,0,,,,
205,1,12/10/2023,21:23,21:23,First,None,Us,Nuke,CT,8,0,5,10,2,9,1761,97,27,Win,10098,1,1.49,9343,8268,8865,,,2,0,1,,,,
206,1,12/12/2023,0:13,0:13,Second,None,Us,Vertigo,CT,5,3,8,17,2,9,2158,98,36,Loss,10216,4,1.39,6906,8868,8016,,,1,1,0,,,,
207,1,12/12/2023,20:29,20:29,Second,None,Us,Vertigo,CT,2,4,5,6,0,11,1263,70,25,Loss,10112,3,0.63,8668,9992,9324,BC,,2,2,0,,,,
208,1,12/12/2023,21:19,21:19,Second,None,Us,Mirage,T,5,3,11,3,0,5,1041,57,37,Loss,10000,3,0.57,8414,11053,9621,,,3,3,0,,,,
209,1,12/12/2023,22:27,22:27,Second,None,Us,Nuke,CT,8,,6,9,,9,1871,93,41,Loss,9880,3,1.19,8086,8602,8476,,,4,4,0,,,,
210,1,12/12/2023,23:40,23:40,Second,None,Us,Nuke,CT,2,1,0,9,6,2,1294,92,12,Win,9312,5,1.71,7113,,7941,,,5,0,1,,,,
211,1,12/13/2023,0:05,0:05,First,None,Us,Inferno,T,4,5,8,8,1,7,1796,81,16,Loss,9427,4,0.96,8075,9542,8867,,,1,1,0,,,,
212,1,12/13/2023,21:30,21:30,First,None,Us,Vertigo,T,9,7,6,12,1,9,2185,95,19,Loss,9057,3,1.41,7670,8341,8018,,,2,2,0,,,,
213,1,12/13/2023,22:20,22:20,Second,None,Us,Mirage,CT,7,5,12,13,7,10,2243,74,15,Tie,8711,3,1.11,8238,8701,8426,,,3,0,0,,,,
214,1,12/13/2023,23:56,23:56,First,None,Neither,Overpass,T,9,3,10,9,1,5,2074,90,33,Win,8765,2,1.22,7113,7991,7652,,,4,0,1,,,,
215,1,12/14/2023,20:42,20:42,First,None,Us,Mirage,T,9,3,11,7,2,5,1678,72,12,Loss,8879,3,1.12,7263,8458,7934,,,1,1,0,,,,
216,1,12/14/2023,21:25,21:25,First,None,Us,Ancient,T,4,2,10,4,3,8,1143,57,37,Loss,8741,2,0.58,7673,8777,8150,,,2,2,0,,,,
217,1,12/14/2023,22:06,22:06,First,None,Us,Mirage,CT,3,2,4,0,0,0,576,52,33,Win,8308,2,0.82,7539,6444,7238,S,,3,0,1,,,,
218,1,12/14/2023,22:26,22:26,Second,None,Us,Inferno,T,9,4,9,9,3,6,2146,102,33,Win,8410,2,1.31,8643,8559,8628,,,4,0,2,,,,
219,1,12/14/2023,23:12,23:12,First,None,Them,Mirage,T,3,5,9,4,5,5,1315,69,14,Win,8544,2,0.71,7700,6937,7326,,,5,0,3,,,,
220,1,12/17/2023,16:33,16:33,Second,None,Us,Inferno,CT,6,1,2,8,1,6,1440,75,28,Win,8900,2,1.38,9249,7597,8670,,,1,0,4,,,,
221,1,12/17/2023,17:14,17:14,Second,None,Us,Nuke,CT,6,2,9,8,1,7,1363,61,16,Loss,9243,2,0.85,9916,10093,10134,,,2,1,0,,,,
222,1,12/17/2023,18:45,18:45,First,None,Us,Mirage,CT,5,3,9,8,1,9,1690,80,15,Loss,9124,3,0.84,9048,7364,8907,,,3,2,0,,,,
223,1,12/17/2023,19:23,19:23,First,None,Them,Nuke,CT,3,3,4,11,0,7,1185,56,42,Win,9003,1,1.08,8944,8457,8457,,,4,0,1,,,,
224,1,12/17/2023,20:05,20:05,First,None,Us,Inferno,CT,6,3,6,10,5,10,1996,99,37,Loss,9107,2,1.28,8328,8312,8363,,,5,1,0,,,,
225,1,12/17/2023,20:48,20:48,Second,None,Us,Vertigo,CT,9,2,9,10,3,8,2199,91,36,Loss,8994,2,1.2,8127,8563,8391,,,6,2,0,,,,
226,1,12/17/2023,21:36,21:36,First,None,Them,Anubis,T,7,5,11,4,1,7,1281,67,27,Loss,8763,2,0.81,8020,8792,8406,,,7,3,0,,,,
227,1,12/18/2023,18:06,18:06,Second,AimLabs,Them,Ancient,CT,9,0,9,9,2,9,1795,81,27,Loss,8379,1,1.14,8719,8759,8793,,,1,4,0,,,,
228,1,12/18/2023,18:53,18:53,Second,None,Us,Vertigo,CT,6,2,4,12,2,10,1635,102,25,Loss,8005,1,1.35,6179,6921,6423,,,2,5,0,,,,
229,1,12/18/2023,19:29,19:29,First,AimLabs,Neither,Vertigo,T,7,3,6,3,0,2,1216,71,40,Win,7750,1,1.21,7250,5680,6325,,,3,0,1,,,,
230,1,12/18/2023,21:20,21:20,First,AimLabs,Them,Mirage,T,6,3,11,7,3,5,1317,59,30,Win,7863,1,0.84,7930,5951,6899,,,4,0,2,,,,
231,1,12/18/2023,21:57,21:57,Second,None,Us,Ancient,CT,1,1,1,13,2,8,1339,83,21,Win,7976,1,1.36,8412,8734,8621,,,5,0,3,,,,
232,1,12/19/2023,12:29,12:29,Second,AimLabs,Neither,Mirage,CT,10,2,4,6,6,7,1479,77,31,Win,8232,1,1.39,7474,7443,7567,,,1,0,4,,,,
233,1,12/19/2023,13:13,13:13,Second,AimLabs,Us,Mirage,CT,8,2,11,16,4,8,2360,98,37,Loss,8593,1,1.39,8581,9646,9018,,,2,1,0,,,,
234,1,12/19/2023,20:21,20:21,First,None,Neither,Anubis,T,8,4,6,7,1,3,1566,82,33,Win,8478,1,1.4,8029,8403,8331,,,3,0,1,,,,
235,1,12/19/2023,21:06,21:06,Second,None,Us,Vertigo,CT,8,0,7,8,3,10,1647,82,31,Loss,8628,3,1.06,7881,8408,8220,,,4,1,0,,,,
236,1,12/19/2023,21:42,21:42,Second,None,Neither,Ancient,CT,9,4,10,7,3,8,1988,86,43,Loss,8528,3,1.12,7181,8122,7563,,,5,2,0,,,,
237,1,12/20/2023,19:29,19:29,Second,AimLabs,Us,Anubis,CT,6,2,1,12,3,5,1945,114,22,Win,8416,1,1.88,9495,9381,9517,,,1,0,1,,,,
238,1,12/20/2023,20:25,20:25,Second,AimLabs,Us,Overpass,CT,0,0,0,11,3,2,1128,86,18,Win,8523,1,1.64,8444,7005,7890,,,2,0,2,,,,
239,1,12/22/2023,22:58,22:58,Second,None,Them,Vertigo,CT,6,2,9,16,3,6,2174,94,31,Loss,8702,3,1.38,7887,6443,7007,,,1,1,0,,,,
240,1,12/22/2023,23:42,23:42,Second,None,Them,Ancient,CT,1,0,3,5,1,10,713,47,50,Loss,8598,4,0.5,6575,5758,6102,BC,,2,2,0,,,,
241,1,12/24/2023,22:45,22:45,First,None,Us,Mirage,T,8,3,10,1,1,4,834,52,33,Loss,8291,4,0.72,7170,5163,6443,,,1,3,0,,,,
242,1,12/26/2023,19:35,19:35,First,None,Us,Nuke,T,9,5,6,12,2,8,2275,98,23,Win,7719,1,1.45,7001,8456,7479,,,1,0,1,,,,
243,1,12/26/2023,20:41,20:41,Second,AimLabs,Them,Mirage,CT,3,0,1,10,4,6,1610,107,30,Win,7831,1,1.57,8371,7493,7943,EL,,2,0,2,,,,
244,1,12/26/2023,21:20,21:20,First,None,Them,Ancient,T,1,2,1,4,0,12,636,48,60,Loss,7941,3,0.37,6599,8945,7628,,,3,1,0,,,,
245,1,12/26/2023,21:51,21:51,Second,None,Them,Inferno,CT,4,1,9,9,2,6,1448,60,61,Win,7845,4,0.86,7310,7360,7327,,,4,0,1,,,,
246,1,12/27/2023,0:20,0:20,First,None,Us,Mirage,T,5,1,12,2,1,2,716,51,28,Loss,7962,3,0.51,6579,5568,6157,BC,,1,1,0,,,,
247,1,12/28/2023,22:44,22:44,Second,None,Us,Overpass,CT,2,0,1,14,3,4,1342,95,31,Win,7850,5,1.82,7607,6585,7347,,,1,0,1,,,,
248,1,12/28/2023,23:10,23:10,First,None,Us,Inferno,T,2,1,3,8,5,7,1161,64,20,Win,7950,5,0.97,8246,6447,7370,,,2,0,2,,,,
249,1,12/28/2023,23:48,23:48,Second,None,Them,Mirage,T,5,7,7,6,4,3,1594,83,36,Win,8072,5,1.3,8481,7859,8203,,,3,0,3,,,,
250,1,12/29/2023,0:20,0:20,First,None,,Vertigo,T,11,4,8,1,0,2,1343,83,66,Win,8314,5,1.27,8671,7885,7894,,,1,0,4,,,,
251,1,12/29/2023,22:41,22:41,First,AimLabs,Them,Overpass,T,7,8,7,11,0,10,1889,78,44,Loss,8662,1,1.23,9466,8960,9249,,,2,1,0,,,,
252,1,12/29/2023,23:29,23:29,Second,AimLabs,Them,Mirage,CT,2,0,5,6,3,10,951,55,37,Loss,8549,1,0.58,8048,7639,7898,,,3,2,0,,,,
253,1,12/30/2023,18:37,18:37,First,AimLabs,Them,Overpass,T,10,2,9,4,3,7,1272,63,28,Loss,8428,1,0.95,8881,7390,8172,,,1,3,0,,,,
254,1,12/30/2023,19:11,19:11,First,None,Them,Ancient,CT,7,3,7,10,4,9,2524,109,17,Loss,8084,1,1.19,7959,7719,7876,TML,,2,4,0,,,,
255,1,12/31/2023,21:06,21:06,First,AimLabs,Us,Mirage,CT,9,2,4,17,4,6,2603,130,46,Win,7729,1,1.99,6634,6660,6705,,,1,0,1,,,,
256,1,12/31/2023,21:41,21:41,First,None,Us,Inferno,T,7,3,11,7,1,2,1398,77,42,Loss,7844,1,1.15,8366,6580,7264,S,,2,1,0,,,,
257,1,12/31/2023,22:17,22:17,Second,None,Us,Overpass,CT,13,4,9,9,2,8,2301,95,36,Win,7679,1,1.3,7640,7129,7359,,,3,0,1,,,,
258,1,12/31/2023,23:07,23:07,Second,None,Them,Anubis,T,10,10,8,6,1,2,2015,111,25,Win,7798,5,1.69,7772,7543,7486,,,4,0,2,,,,
259,1,1/1/2024,16:34,16:34,First,None,Them,Vertigo,T,8,1,7,6,1,5,1294,64,21,Win,7909,4,1.15,9184,9133,9162,,,1,0,3,,,,
260,1,1/1/2024,17:17,17:17,First,None,Them,Nuke,T,12,2,9,4,3,4,1757,76,50,Win,8186,5,1.15,8305,10241,9240,,,2,0,4,,,,
261,1,1/1/2024,18:54,18:54,First,None,Neither,Ancient,T,2,4,10,6,3,8,1325,55,25,Loss,8536,3,0.61,6676,7836,7360,,,3,1,0,,,,
262,1,1/2/2024,20:02,20:02,Second,AimLabs,Them,Mirage,T,3,1,12,2,0,1,788,56,20,Loss,8432,1,0.38,8329,7965,8218,,,1,2,0,,,,
263,1,1/2/2024,20:26,20:26,Second,None,Us,Inferno,CT,3,2,10,12,2,9,1382,57,13,Loss,8319,1,0.87,7840,6147,7186,,,2,3,0,,,,
264,1,1/3/2024,19:15,19:15,Second,AimLabs,Them,Mirage,CT,2,4,3,8,1,7,1366,80,30,Win,8073,1,1.15,7025,6612,6836,,,1,0,1,,,,
265,1,1/3/2024,22:34,22:34,Second,None,Us,Inferno,CT,1,2,2,4,5,7,981,65,40,Win,8193,2,0.82,10089,9521,9740,,,2,0,2,,,,
266,1,1/3/2024,23:16,23:16,Second,None,Them,Nuke,CT,4,4,8,9,0,10,1381,64,23,Loss,8310,2,0.9,10046,11189,10108,,,3,1,0,,,,
267,1,1/4/2024,23:29,23:29,Second,None,Neither,Inferno,CT,6,2,7,12,2,4,1720,81,22,Win,8197,5,1.4,7297,6559,6947,,,1,0,1,,,,
268,1,1/5/2024,0:10,0:10,Second,None,Us,Ancient,CT,9,0,6,8,1,6,1539,69,23,Loss,8452,5,1.21,7486,8456,7975,,,1,1,0,,,,
269,1,1/8/2024,22:20,22:20,,None,Neither,Inferno,CT,7,2,9,7,1,4,,59,28,Loss,8351,4,1.03,7817,7767,7830,,,1,2,0,,,,
270,1,1/12/2024,21:42,21:42,Second,None,Us,Nuke,CT,9,4,5,12,1,10,2303,100,21,Loss,8227,5,1.38,8204,8170,8143,,,1,3,0,,,,
271,1,1/12/2024,22:21,22:21,Second,None,Neither,Vertigo,CT,5,1,7,13,1,9,1676,83,27,Loss,8115,5,1.24,7945,8787,8307,,,2,4,0,,,,
272,1,1/12/2024,22:57,22:57,Second,None,Us,Vertigo,CT,10,2,5,10,3,7,2221,116,20,Win,7928,5,1.69,7714,6893,7392,,,3,0,1,,,,
273,1,1/13/2024,19:37,19:37,First,None,Them,Inferno,T,12,7,7,1,2,3,1467,86,23,Win,8037,2,1.27,8997,9679,9287,,,1,0,2,,,,
274,1,1/13/2024,20:20,20:20,First,None,Us,Inferno,T,8,2,10,6,3,6,1729,78,50,Loss,8143,4,1.03,8146,8278,8301,,,2,1,0,,,,
275,1,1/13/2024,21:00,21:00,First,None,Neither,Nuke,T,12,3,8,7,3,8,2034,92,26,Win,8026,5,1.28,8087,7663,7882,,,3,0,1,,,,
276,1,1/15/2024,20:00,20:00,Second,AimLabs,Them,Nuke,CT,13,,13,23,,8,3756,125,47,Win,8396,1,1.79,9215,9273,9164,,,1,0,2,,,,
277,1,1/15/2024,23:21,23:21,Second,None,Them,Vertigo,CT,7,5,6,11,4,9,2064,98,33,Win,8750,3,1.41,9019,8691,8892,,,2,0,3,,,,
278,1,1/16/2024,0:03,0:03,Second,None,Neither,Ancient,CT,10,0,4,9,3,11,1990,104,47,Loss,9100,5,1.37,7273,9046,8102,,,1,1,0,,,,
279,1,1/19/2024,22:12,22:12,Second,None,Neither,Mirage,CT,8,5,10,12,1,8,2073,90,35,Loss,8981,5,1.28,8725,9628,9273,,,1,2,0,,,,
280,1,1/19/2024,22:00,22:00,First,None,Us,Vertigo,T,4,6,10,2,3,5,918,54,83,Loss,8876,5,0.55,8614,8778,8740,BC,,2,3,0,,,,
281,1,1/19/2024,23:28,23:28,First,None,Them,Ancient,T,10,3,9,5,3,6,1639,86,33,Loss,8710,5,1.13,8460,7742,8073,,,3,4,0,,,,
282,1,1/28/2024,19:55,19:55,First,None,Them,Mirage,T,10,1,5,7,1,6,1590,79,29,Win,8361,1,1.2,8599,8658,8591,,,1,0,1,,,,
283,1,1/28/2024,20:38,20:38,Second,None,Them,Inferno,CT,10,3,14,16,2,9,2554,85,26,Tie,8484,1,1.23,7386,7470,7429,,,2,0,0,,,,
284,1,1/29/2024,20:48,20:48,Second,None,Us,Vertigo,CT,2,0,0,11,3,4,1405,93,30,Win,8431,1,1.67,7986,7838,7919,,,1,0,1,,,,
285,1,1/29/2024,22:32,22:32,Second,None,Us,Ancient,CT,6,3,10,9,4,10,1848,80,26,Loss,8535,3,0.99,7267,7028,7174,,,2,1,0,,,,
286,1,1/29/2024,23:22,23:22,Second,None,Us,Ancient,CT,10,2,5,11,1,5,2076,103,28,Win,8431,3,1.6,7057,7827,7428,,,3,0,1,,,,
287,1,1/29/2024,11:58,11:58,First,None,Them,Nuke,T,7,3,7,3,0,1,1145,71,40,Win,8546,3,1.18,7344,7004,7152,,,4,0,2,,,,
288,1,1/30/2024,22:51,22:51,Second,AimLabs,Us,Inferno,CT,7,0,2,9,2,7,1306,76,37,Win,8666,1,1.41,8908,9189,9015,EL,,1,0,3,,,,
289,1,1/30/2024,23:24,23:24,First,None,Us,Anubis,T,7,3,7,3,1,2,818,45,30,Win,8940,1,1.14,8590,8725,8643,EL,,2,0,4,,,,
290,1,2/5/2024,22:21,22:21,First,None,Neither,Ancient,T,5,4,3,6,3,4,1280,67,45,Win,9304,1,1.15,11106,8500,9632,,,1,0,5,,,,
291,1,2/7/2024,22:11,22:11,First,None,Us,Nuke,T,7,3,8,13,3,3,2232,111,20,Win,9671,5,1.68,8941,8385,8796,,,1,0,6,,,,
292,1,2/7/2024,22:52,22:52,,None,,Nuke,T,6,2,11,12,3,4,2050,85,38,Win,9999,5,1.16,9365,10124,9810,,,2,0,7,,,,
293,1,2/13/2024,21:57,21:57,First,None,Them,Overpass,T,7,4,4,0,0,0,589,45,28,Win,10114,2,1.28,10057,7343,7974,S,,1,0,8,,,,
294,1,2/13/2024,22:26,22:26,First,None,Us,Mirage,T,5,2,11,9,3,6,1608,80,28,Loss,10482,2,0.94,10020,13667,11897,,,2,1,0,,,,
295,1,2/15/2024,22:38,22:38,First,None,Us,Anubis,T,5,2,10,4,1,5,1246,62,44,Loss,10359,3,0.67,10092,10013,10095,,,1,2,0,,,,
296,1,2/15/2024,23:16,23:16,Second,None,Neither,Vertigo,CT,5,4,10,5,2,8,1360,59,40,Win,10244,3,0.62,9955,9650,9784,,,2,0,1,,,,
297,1,2/18/2024,23:34,23:34,Second,AimLabs,Them,Inferno,CT,2,2,5,12,1,10,1468,86,50,Loss,10352,1,1.12,10808,11051,10977,,,1,1,0,,,,
298,1,2/19/2024,0:15,0:15,Second,AimLabs,Us,Mirage,CT,5,6,8,8,4,9,1837,83,30,Loss,10250,1,1.02,9502,9757,9640,,,1,2,0,,,,
299,1,2/19/2024,23:25,23:25,First,None,Us,Vertigo,T,11,4,6,9,0,8,2098,91,65,Win,10147,3,1.42,8942,8068,8451,,,2,0,1,,,,
300,1,2/20/2024,0:10,0:10,First,None,Us,Mirage,CT,9,3,9,8,0,10,2159,89,52,Loss,10262,3,1.04,8870,9841,9345,,,1,1,0,,,,
301,1,2/25/2024,18:50,18:50,Second,None,Them,Overpass,CT,2,2,5,16,2,6,1750,97,44,Win,10024,2,1.47,10008,10013,10009,,,1,0,1,,,,
302,1,2/25/2024,19:24,19:24,First,None,Them,Mirage,T,6,6,10,8,1,7,1842,76,35,Win,10134,2,1.01,11066,10218,10759,,,2,0,2,,,,
303,1,3/9/2024,19:20,19:20,First,None,Us,Ancient,T,11,,10,7,,7,1816,90,33,Loss,10254,1,1.17,9998,9696,9941,,,1,1,0,,,,
304,1,3/9/2024,19:53,19:53,Second,None,Us,Ancient,CT,8,2,2,8,2,7,1784,84,37,Win,10130,3,1.38,9658,8724,9334,,,2,0,1,,,,
305,1,3/9/2024,22:36,22:36,Second,None,Them,Nuke,CT,6,4,8,6,5,6,1567,71,25,Win,10243,4,1,8254,7390,7793,,,3,0,2,,,,
306,1,3/9/2024,23:14,23:14,Second,None,Us,Vertigo,CT,4,0,3,15,3,8,1791,99,36,Win,10493,5,1.61,8350,8097,7982,,,4,0,3,,,,
307,1,3/12/2024,23:26,23:26,Second,None,Us,Mirage,CT,3,2,8,9,1,5,1378,65,58,Win,10736,1,0.94,10688,8219,10452,,,1,0,4,,,,
308,1,3/17/2024,20:18,20:18,Second,AimLabs,Us,Vertigo,CT,5,4,9,5,4,10,1442,65,60,Win,10973,1,0.74,11109,11112,11131,,,1,0,5,,,,
309,1,3/17/2024,20:59,20:59,First,None,Neither,Mirage,T,10,1,12,7,1,10,1807,60,41,Loss,11334,1,0.78,11211,11502,11363,,,2,1,0,,,,
310,1,3/17/2024,21:56,21:56,First,None,Neither,Ancient,T,5,3,9,13,6,9,1929,80,44,Loss,11229,1,1.23,11826,11847,11902,,,3,2,0,,,,
311,1,3/17/2024,22:40,22:40,Second,None,Us,Vertigo,CT,8,5,10,9,4,8,2043,88,29,Loss,11108,1,1.19,10299,10960,10614,,,4,3,0,,,,
312,1,3/17/2024,23:32,23:32,Second,AimLabs,Them,Nuke,CT,0,1,0,7,4,6,804,61,28,Win,10842,1,1.14,11420,10995,11254,EL,,5,0,1,,,,
313,1,3/18/2024,21:17,21:17,Second,None,Them,Nuke,CT,5,0,3,11,3,8,1508,94,18,Win,10957,1,1.53,10789,11290,11075,,,1,0,2,,,,
314,1,3/18/2024,21:50,21:50,First,None,Us,Anubis,CT,10,4,4,3,3,9,1688,73,46,Win,11113,1,1.09,10749,10927,10840,,,2,0,3,,,,
315,1,3/18/2024,22:38,22:38,Second,None,Them,Mirage,CT,10,2,2,10,1,6,1762,88,30,Win,11486,1,1.57,11620,11597,11694,,,3,0,4,,,,
316,1,3/18/2024,23:24,23:24,Second,AimLabs,Us,Inferno,CT,3,1,5,7,4,10,1368,62,40,Loss,11846,1,0.82,12457,12441,12466,,,4,1,0,,,,
317,1,3/19/2024,21:32,21:32,First,AimLabs,Us,Nuke,CT,7,2,6,10,3,5,1734,86,41,Win,11722,1,1.4,11535,11219,11456,,,1,0,1,,,,
318,1,3/19/2024,22:24,22:24,First,AimLabs,Us,Nuke,T,6,1,11,5,6,7,1445,72,45,Loss,11873,1,0.88,12232,12507,12369,,,2,1,0,,,,
319,1,3/19/2024,23:17,23:17,First,AimLabs,Them,Inferno,T,13,2,7,5,2,7,1761,83,38,Loss,11755,1,1.3,10950,11202,10978,EL,,3,2,0,,,,
320,1,3/20/2024,22:00,22:00,First,None,Neither,Nuke,T,10,4,9,10,0,7,2170,103,45,Loss,11650,1,1.43,11172,10721,10954,TML,,1,3,0,,,,
321,1,3/20/2024,22:41,22:41,First,None,Them,Inferno,CT,14,2,13,12,2,8,2379,82,26,Loss,11297,1,1.34,10992,10800,10782,,,2,4,0,,,,
322,1,3/24/2024,20:16,20:16,First,None,Them,Vertigo,T,11,3,10,6,2,4,1933,107,29,Loss,10875,1,1.33,10152,10182,10163,TML,,1,5,0,,,,
323,1,3/24/2024,20:50,20:50,Second,None,Us,Nuke,CT,3,2,3,13,3,8,1493,93,25,Win,10499,1,1.54,10693,11527,10956,,,2,0,1,,,,
324,1,3/24/2024,22:18,22:18,First,None,Us,Mirage,T,10,3,9,17,3,5,2680,121,44,Loss,10599,4,1.74,8027,8399,8189,,,3,1,0,,,,
325,1,3/24/2024,23:52,23:52,Second,None,Them,Overpass,CT,6,5,11,11,1,5,1859,77,17,Win,10496,3,1.2,8565,8297,8351,,,4,0,1,,,,
326,1,3/26/2024,23:21,23:21,Second,None,Us,Nuke,CT,6,1,3,13,3,6,1817,95,21,Win,10617,1,1.54,9773,9580,9758,,,1,0,2,,,,
327,1,3/30/2024,22:44,22:44,First,None,Us,Vertigo,T,9,4,11,6,3,5,1829,96,26,Loss,10733,1,1.15,10085,9832,10052,,,1,1,0,,,,
328,1,3/30/2024,23:29,23:29,Second,AimLabs,Us,Mirage,CT,4,3,5,6,2,10,1133,56,40,Loss,10612,1,0.78,9798,10169,10028,TML,,2,2,0,,,,
329,1,4/7/2024,19:07,19:07,Second,None,Neither,Inferno,CT,7,3,4,6,0,10,1313,57,30,Loss,10282,5,0.93,9240,9968,9613,,,1,3,0,,,,
330,1,4/7/2024,19:53,19:53,Second,None,Them,Ancient,CT,5,1,6,15,8,9,1985,94,30,Win,10000,5,1.34,8995,9312,9133,,,2,0,1,,,,
331,1,4/7/2024,23:07,23:07,First,AimLabs,Them,Vertigo,T,7,2,9,5,4,5,1415,70,16,Win,10110,1,0.94,10192,9691,9940,,,3,0,2,,,,
332,1,4/8/2024,23:42,23:42,Second,AimLabs,Us,Nuke,CT,4,3,4,11,6,7,1861,103,13,Win,10216,1,1.45,9878,10162,10036,,,1,0,3,,,,
333,1,4/15/2024,23:25,23:25,Second,AimLabs,Them,Mirage,CT,5,0,2,10,2,2,1341,83,26,Win,10496,1,1.63,10375,9772,10090,,,1,0,4,,,,
334,1,4/16/2024,21:20,21:20,Second,AimLabs,Us,Overpass,CT,9,3,8,11,3,6,1957,81,35,Loss,10855,1,1.32,11317,11949,11693,,,1,1,0,,,,
335,1,4/16/2024,22:30,22:30,First,AimLabs,Us,Overpass,T,9,4,8,5,3,3,1439,71,28,Win,10745,1,1.25,10312,9472,10050,,,2,0,1,,,,
336,1,4/19/2024,20:49,20:49,Second,AimLabs,Us,Ancient,CT,3,2,1,14,3,7,1724,101,35,Win,10871,1,1.63,10770,10420,10607,,,1,0,2,,,,
337,1,4/19/2024,21:28,21:28,Second,None,Them,Inferno,CT,3,1,5,8,4,8,1529,84,27,Loss,11212,1,1.08,11141,10621,10923,,,2,1,0,,,,
338,1,4/19/2024,22:00,22:00,Second,None,Neither,Nuke,CT,9,3,6,17,1,6,2480,118,34,Win,11111,1,1.97,11175,11279,11163,,,3,0,1,,,,
339,1,4/19/2024,20:37,20:37,First,None,Us,Nuke,T,11,8,6,0,2,2,1477,105,45,Win,11222,1,1.59,11161,11373,11311,,,4,0,2,,,,
340,1,4/19/2024,21:24,21:24,First,AimLabs,Us,Anubis,T,6,5,10,13,5,6,2352,98,21,Win,11577,1,1.39,11212,10484,10877,,,5,0,3,,,,
341,1,4/21/2024,0:49,0:49,First,None,Them,Vertigo,T,11,4,12,12,3,10,2294,76,30,Tie,11944,4,1.14,7203,7329,7266,,,1,0,0,,,,
342,1,4/21/2024,19:35,19:35,First,AimLabs,Us,Overpass,T,10,0,10,15,2,7,1919,79,32,Win,11899,1,1.4,11566,10337,11122,,,2,0,1,,,,
343,1,4/21/2024,20:38,20:38,Second,AimLabs,Us,Inferno,CT,6,0,3,13,4,5,2063,114,47,Win,11993,1,1.7,11738,10676,11249,,,3,0,2,,,,
344,1,4/21/2024,21:22,21:22,First,AimLabs,Them,Mirage,T,11,3,7,4,2,2,1448,85,46,Win,12282,1,1.49,10157,10523,10383,,,4,0,3,,,,
345,1,4/21/2024,21:48,21:48,First,None,Us,Nuke,CT,8,2,10,8,1,9,1596,69,31,Loss,12581,1,0.88,12922,12931,12893,,,5,1,0,,,,
346,1,4/21/2024,22:39,22:39,Second,AimLabs,Neither,Overpass,CT,1,2,4,5,2,10,1014,63,0,Loss,12476,1,0.61,12449,11441,12009,,,6,2,0,,,,
347,1,4/21/2024,23:20,23:20,First,None,Them,Vertigo,T,10,1,6,5,4,4,1352,71,33,Win,12277,1,1.22,10084,10071,10110,,,7,0,1,,,,
348,1,4/22/2024,0:00,0:00,Second,AimLabs,Us,Anubis,CT,9,4,7,7,3,9,1793,74,43,Loss,12384,1,1.04,12292,12141,12274,,,1,1,0,,,,
349,1,4/22/2024,20:32,20:32,First,AimLabs,Us,Mirage,T,6,3,9,6,2,8,1285,53,8,Loss,12129,1,0.8,11539,11334,11392,,,2,2,0,,,,
350,1,4/22/2024,21:52,21:52,First,AimLabs,Them,Vertigo,T,11,3,9,11,4,6,2330,105,18,Win,11778,1,1.54,10996,11003,11015,,,3,0,1,,,,
351,1,4/22/2024,22:31,22:31,Second,None,Them,Anubis,CT,8,1,6,6,4,8,1445,62,14,Win,11885,1,1.06,11614,12049,11889,,,4,0,2,,,,
352,1,4/22/2024,23:23,23:23,First,AimLabs,Us,Nuke,T,9,3,10,17,1,9,2589,89,15,Win,11997,1,1.4,13161,12657,12912,,,5,0,3,,,,
353,1,4/23/2024,23:42,23:42,First,AimLabs,Them,Mirage,T,5,1,8,0,0,0,504,39,60,Loss,12357,1,0.37,11626,12266,11771,2BC-S,,1,1,0,,,,
354,1,4/24/2024,0:00,0:00,First,AimLabs,Us,Anubis,CT,4,0,3,13,6,9,1770,98,23,Win,12254,1,1.45,11343,10200,11041,,,1,0,1,,,,
355,1,4/24/2024,21:03,21:03,Second,None,Us,Vertigo,CT,1,3,6,11,2,9,1389,77,16,Loss,12356,3,0.95,8910,8709,8839,,,2,1,0,,,,
356,1,4/24/2024,21:30,21:30,Second,None,Us,Inferno,CT,11,3,5,16,5,8,2456,111,37,Win,12240,4,1.84,7940,8753,8257,,,3,0,1,,,,
357,1,4/25/2024,22:23,22:23,First,AimLabs,Them,Dust II,T,10,0,9,5,2,11,1631,70,26,Loss,12353,1,0.75,11909,10932,11494,,,1,1,0,,,,
358,1,4/25/2024,23:03,23:03,Second,None,Them,Dust II,CT,7,3,4,4,3,5,1494,83,36,Win,12012,1,1.24,11702,11474,11372,,,2,0,1,,,,
359,1,4/25/2024,23:50,23:50,First,AimLabs,Them,Vertigo,T,8,4,9,8,2,7,2088,90,43,Loss,12132,1,1.1,12605,10298,11471,,,3,1,0,,,,
360,1,4/26/2024,0:40,0:40,First,AimLabs,Them,Mirage,T,7,4,8,8,2,9,1604,72,33,Loss,11990,1,1,12615,12251,12528,,,1,2,0,,,,
361,1,4/26/2024,20:31,20:31,First,AimLabs,Us,Vertigo,T,7,3,11,7,2,3,1479,82,14,Loss,11640,1,1.19,10973,11135,10985,,,2,3,0,,,,
362,1,4/26/2024,21:14,21:14,First,AimLabs,Neither,Dust II,T,3,6,10,5,1,2,1184,69,37,Win,11369,1,1.01,11728,11708,11777,,,3,0,1,,,,
363,1,4/26/2024,21:53,21:53,Second,None,Them,Nuke,CT,6,2,6,9,5,8,1845,87,46,Win,11473,1,1.2,10873,10513,10705,,,4,0,2,,,,
364,1,4/26/2024,23:05,23:05,Second,AimLabs,Us,Vertigo,CT,5,4,9,9,3,8,1518,63,14,Loss,11599,1,0.88,11570,10885,11337,,,5,1,0,,,,
365,1,4/26/2024,23:48,23:48,First,None,Them,Dust II,T,11,2,9,10,2,5,2003,91,38,Loss,11493,1,1.43,11804,11881,11849,,,6,2,0,,,,
366,1,4/27/2024,15:55,15:55,First,None,Neither,Inferno,T,9,0,12,8,3,10,2052,70,29,Loss,11342,1,0.83,10388,10276,10358,,,1,3,0,,,,
367,1,4/28/2024,20:22,20:22,First,AimLabs,Us,Dust II,T,7,3,8,6,1,6,1621,77,46,Loss,11021,1,0.97,10320,10826,10540,,,1,4,0,,,,
368,1,4/28/2024,21:11,21:11,First,AimLabs,Us,Dust II,T,3,4,10,4,1,6,1138,59,57,Loss,10579,1,0.73,9729,10066,9891,,,2,5,0,,,,
369,1,4/28/2024,21:56,21:56,Second,None,Us,Dust II,CT,1,2,3,10,1,10,1290,86,54,Loss,10200,1,1.02,10002,9946,10006,,,3,6,0,,,,
370,1,4/28/2024,22:22,22:22,Second,None,Them,Vertigo,CT,1,1,6,9,2,10,1117,62,50,Loss,10000,1,0.69,9705,9700,8930,,,4,7,0,,,,
371,1,4/28/2024,22:56,22:56,Second,None,Us,Dust II,T,6,2,12,4,1,3,1135,75,50,Loss,9882,1,0.86,8586,8831,8696,,,5,8,0,,,,
372,1,4/28/2024,23:26,23:26,Second,None,Them,Vertigo,CT,6,1,8,13,2,7,1993,90,21,Loss,9324,1,1.29,8988,8467,8673,,,6,9,0,,,,
373,1,4/29/2024,0:20,0:20,Second,AimLabs,Us,Vertigo,CT,10,2,3,10,5,9,2331,122,30,Win,8767,1,1.69,8477,7575,7965,,,1,0,1,,,,
374,1,4/29/2024,21:12,21:12,Second,None,Us,Vertigo,CT,3,1,1,13,4,5,1624,108,12,Win,8889,1,1.79,7880,8491,8499,,,2,0,2,,,,
375,1,4/29/2024,21:49,21:49,First,None,Them,Ancient,T,11,2,7,11,8,8,2594,108,29,Loss,9010,4,1.57,6816,5638,6214,,,3,1,0,,,,
376,1,4/29/2024,22:41,22:41,First,None,Us,Dust II,T,8,4,8,10,4,7,1917,83,33,Win,8901,3,1.43,6722,6913,6803,,,4,0,1,,,,
377,1,4/29/2024,23:31,23:31,Second,None,Us,Nuke,CT,4,0,0,9,3,3,1340,95,30,Win,9005,3,1.77,7927,7941,7854,,,5,0,2,,,,
378,1,4/29/2024,23:58,23:58,First,None,Us,Mirage,T,6,6,7,6,4,3,1608,84,16,Win,9129,3,1.35,7694,8120,7894,,,6,0,3,,,,
379,1,4/30/2024,14:27,14:27,Second,None,Us,Nuke,CT,7,0,11,15,4,5,2355,98,45,Loss,9236,1,1.35,9215,8993,9124,TML,,1,1,0,,,,
380,1,4/30/2024,15:27,15:27,First,AimLabs,Them,Nuke,T,6,4,8,11,3,9,1793,81,41,Win,9122,1,1.22,8336,8213,8260,,,2,0,1,,,,
381,1,4/30/2024,16:06,16:06,First,None,Them,Nuke,CT,7,4,11,9,4,8,2123,88,50,Loss,9245,1,1.06,10023,11106,10440,,,3,1,0,,,,
382,1,4/30/2024,21:10,21:10,Second,AimLabs,Them,Mirage,CT,2,4,11,11,5,6,1611,83,15,Loss,9134,1,1.07,9612,9000,9385,,,4,2,0,,,,
383,1,4/30/2024,22:01,22:01,Second,AimLabs,Us,Dust II,CT,9,3,6,8,3,8,1686,73,41,Win,8986,1,1.18,9372,9111,9244,,,5,0,1,,,,
384,1,4/30/2024,23:04,23:04,Second,AimLabs,Them,Inferno,T,8,5,6,4,3,11,1691,70,25,Win,9102,1,0.84,9716,9030,9418,,,6,0,2,,,,
385,1,4/30/2024,23:48,23:48,Second,None,Us,Nuke,CT,6,1,4,13,5,8,2051,102,26,Win,9252,1,1.55,9719,8843,9259,,,7,0,3,,,,
386,1,5/1/2024,21:20,21:20,Second,AimLabs,Them,Inferno,T,2,2,5,0,0,0,,66,0,Loss,9612,1,0.64,8372,9123,8652,S,,1,1,0,,,,
387,1,5/1/2024,21:37,21:37,Second,None,Us,Anubis,CT,3,3,6,9,4,7,1495,74,33,Win,9512,1,1.06,9670,9611,9639,,,2,0,1,,,,
388,1,5/1/2024,22:15,22:15,Second,None,Them,Anubis,CT,10,3,5,11,3,10,2181,94,23,Loss,9634,1,1.44,9401,9852,9723,,,3,1,0,,,,
389,1,5/2/2024,21:47,21:47,Second,None,Them,Ancient,CT,15,4,9,14,3,9,3360,112,24,Tie,9529,4,1.55,6906,6404,6649,,,1,0,0,,,,
390,1,5/5/2024,21:27,21:27,Second,None,Them,Vertigo,CT,6,3,11,6,3,6,1560,65,33,Loss,9582,3,0.93,7911,9441,9065,,,1,1,0,,,,
391,1,5/5/2024,22:20,22:20,First,None,Us,Inferno,T,5,3,10,3,2,6,1068,56,25,Loss,9469,4,0.69,6844,6755,6859,,,2,2,0,,,,
392,1,5/5/2024,23:11,23:11,First,None,Them,Mirage,T,7,3,9,10,5,7,1813,78,47,Win,9353,5,1.13,6661,5601,6353,,,3,0,1,,,,
393,1,5/6/2024,20:10,20:10,First,None,Us,Dust II,T,8,4,5,3,1,7,1350,58,63,Win,9477,2,0.92,11290,10315,10924,,,1,0,2,,,,
394,1,5/7/2024,20:49,20:49,First,AimLabs,Us,Vertigo,T,4,2,13,13,7,8,2026,67,11,Win,9581,5,0.94,15671,15599,15686,,,1,0,3,,,,
395,1,5/7/2024,21:38,21:38,First,None,Neither,Nuke,T,7,2,7,7,4,8,1422,64,35,Loss,9952,5,0.9,16025,15929,16017,,,2,1,0,,,,
396,1,5/7/2024,22:28,22:28,Second,None,Neither,Anubis,CT,2,1,4,6,5,9,1076,59,12,Win,9849,4,0.78,15151,13672,14433,,,3,0,1,,,,
397,1,5/7/2024,22:58,22:58,Second,None,Us,Vertigo,CT,4,1,7,10,3,10,1309,54,35,Loss,9999,5,0.9,15351,14471,14956,,,4,1,0,,,,
398,1,5/11/2024,21:35,21:35,Second,None,Neither,Vertigo,CT,3,4,9,9,5,8,1527,69,50,Loss,9889,3,0.96,14249,14235,14238,,,1,2,0,,,,
399,1,5/12/2024,11:08,11:08,First,None,Us,Ancient,T,5,5,4,12,1,9,1986,86,29,Win,9767,1,1.34,9775,9043,9375,,,1,0,1,,,,
400,1,5/12/2024,11:57,11:57,First,AimLabs,Them,Dust II,T,5,1,10,4,2,8,1315,59,44,Loss,9999,1,0.59,10307,10895,10620,TML,,2,1,0,,,,
401,1,5/12/2024,22:15,22:15,Second,AimLabs,Them,Vertigo,CT,0,0,0,4,1,7,514,57,0,Loss,9892,1,0.72,10592,11859,11208,S,,3,2,0,,,,
402,1,5/12/2024,22:40,22:40,Second,AimLabs,Us,Nuke,CT,5,5,7,8,1,8,1662,72,23,Win,9792,1,1.07,9256,9811,9525,,,4,0,1,,,,
403,1,5/12/2024,23:24,23:24,Second,AimLabs,Neither,Inferno,CT,7,1,4,12,3,8,1789,85,42,Loss,9999,1,1.43,9796,9992,9912,,,5,1,0,,,,
404,1,5/13/2024,0:14,0:14,First,AimLabs,Them,Mirage,T,11,4,9,4,1,7,1548,70,46,Win,9881,1,1.04,9330,9393,9397,,,1,0,1,,,,
405,1,5/13/2024,18:32,18:32,Second,AimLabs,Neither,Ancient,CT,7,1,7,9,1,6,1547,70,50,Win,9999,1,1.15,11059,10418,10780,,,2,0,2,,,,
406,1,5/13/2024,21:08,21:08,First,None,Us,Anubis,T,6,2,9,7,1,8,1336,58,46,Loss,10115,5,0.84,15617,14906,15271,,,3,1,0,,,,
407,1,5/13/2024,22:03,22:03,Second,AimLabs,Neither,Dust II,CT,7,1,9,5,4,6,1396,60,30,Win,10014,1,1.02,11268,11415,11432,,,4,0,1,,,,
408,1,5/13/2024,22:45,22:45,First,None,Them,Mirage,T,8,4,9,7,3,7,1980,86,46,Loss,10368,1,1.1,10183,11343,10656,EL,,5,1,0,,,,
409,1,5/13/2024,23:35,23:35,Second,AimLabs,Us,Inferno,CT,6,0,6,11,3,9,1444,68,64,Loss,10255,1,1.14,11239,11258,11341,,,6,2,0,,,,
410,1,5/14/2024,19:13,19:13,Second,AimLabs,Us,Anubis,CT,3,1,3,5,1,11,1014,67,62,Loss,10151,1,0.55,10148,10378,10239,TML,,1,3,0,,,,
411,1,5/14/2024,19:49,19:49,Second,AimLabs,Them,Nuke,CT,0,0,0,5,2,6,647,80,20,Loss,10047,1,0.95,9773,10018,9850,S,,2,4,0,,,,
412,1,5/14/2024,20:01,20:01,First,None,Them,Mirage,T,10,2,10,8,3,7,1622,73,27,Loss,10000,1,1.05,9420,9626,9592,,,3,5,0,,,,
413,1,5/14/2024,20:46,20:46,Second,None,Us,Nuke,CT,5,1,4,12,3,8,1874,98,41,Win,9875,1,1.46,10330,8796,9117,EL,,4,0,1,,,,
414,1,5/14/2024,21:19,21:19,Second,None,Them,Dust II,T,5,5,8,4,2,10,1153,48,66,Win,9999,1,0.47,10470,7828,9224,,,5,0,2,,,,
415,1,5/14/2024,22:09,22:09,First,AimLabs,Us,Mirage,T,3,2,10,0,1,3,735,43,66,Loss,10107,1,0.29,11093,11300,11227,,,6,1,0,,,,
416,1,5/14/2024,22:50,22:50,First,AimLabs,Them,Vertigo,T,10,0,8,15,4,9,2691,92,40,Win,10000,1,1.37,9745,9812,9820,,,7,0,1,,,,
417,1,5/15/2024,20:38,20:38,First,None,Us,Mirage,T,8,3,10,5,5,13,1590,53,38,Tie,10110,5,0.69,14897,14438,14664,,,1,0,0,,,,
418,1,5/15/2024,21:36,21:36,Second,None,Them,Mirage,CT,4,3,3,7,2,10,1176,73,63,Loss,10059,5,1.04,14843,14360,14560,,,2,1,0,,,,
419,1,5/16/2024,17:45,17:45,First,None,Us,Vertigo,T,11,2,7,1,5,5,1569,71,41,Win,10000,5,0.93,13646,14941,14563,,,1,0,1,,,,
420,1,5/16/2024,21:27,21:27,Second,None,Us,Mirage,CT,2,2,8,8,3,10,1359,56,30,Win,10365,5,0.62,15367,16243,15783,,,2,0,2,,,,
421,1,5/23/2024,19:20,19:20,Second,AimLabs,Neither,Vertigo,CT,3,2,7,3,4,12,1156,55,50,Loss,10734,1,0.39,10873,11025,11027,TML,,1,1,0,,,,
422,1,5/23/2024,20:21,20:21,Second,AimLabs,Us,Vertigo,CT,4,0,0,6,5,6,1125,66,50,Win,10626,1,1.36,11746,11760,11840,EL,,2,0,1,,,,
423,1,5/23/2024,20:56,20:56,First,AimLabs,Us,Vertigo,T,9,1,7,4,3,4,1317,69,46,Win,10978,1,1.17,11980,11243,11695,,,3,0,2,,,,
424,1,5/23/2024,22:57,22:57,First,AimLabs,Us,Vertigo,T,1,2,10,2,0,2,645,45,100,Loss,11351,1,0.27,10557,11514,11086,,,4,1,0,,,,
425,1,5/23/2024,23:23,23:23,Second,None,Us,Dust II,CT,0,3,2,7,5,5,1081,67,57,Win,11237,1,1.17,12149,11322,11923,,,5,0,1,,,,
426,1,5/27/2024,21:22,21:22,First,None,Neither,Ancient,T,6,4,8,3,3,7,1276,63,33,Loss,11596,1,0.88,12417,12199,12349,,,1,1,0,,,,
427,1,5/27/2024,22:11,22:11,First,AimLabs,Them,Vertigo,T,7,0,11,6,1,7,1823,91,38,Loss,11474,1,0.86,11344,11364,11359,,,2,2,0,,,,
428,1,5/30/2024,19:39,19:39,Second,None,Neither,Dust II,CT,3,2,1,2,3,6,640,37,60,Win,11363,2,0.89,14669,14131,14442,,,1,0,1,,,,
429,1,5/30/2024,20:06,20:06,First,None,Us,Anubis,T,6,0,5,9,5,10,1773,84,40,Loss,11463,2,1.19,15063,15118,14767,,,2,1,0,,,,
430,1,6/24/2024,20:38,20:38,Second,None,Us,Mirage,CT,2,1,6,6,3,7,1020,53,50,Win,11351,3,0.68,16150,14951,14889,,,1,0,1,,,,
431,1,6/24/2024,21:09,21:09,First,None,Us,Dust II,T,9,6,9,8,1,7,1960,89,47,Win,10741,3,1.23,15771,15184,15847,,,2,0,2,,,,
432,1,6/24/2024,21:46,21:46,First,None,Us,Anubis,CT,6,6,10,4,7,11,1622,67,60,Loss,11111,4,0.65,15135,15419,15321,,,3,1,0,,,,
433,1,6/24/2024,22:33,22:33,First,None,Them,Dust II,T,9,2,10,1,0,4,1139,71,100,Loss,11011,2,0.79,12961,14465,13718,,,4,2,0,,,,
434,1,6/24/2024,22:59,22:59,First,None,Them,Inferno,T,7,4,9,2,1,8,1081,51,44,Loss,10889,2,0.5,12939,12896,12991,,,5,3,0,,,,
435,1,6/25/2024,22:20,22:20,Second,None,Them,Inferno,CT,1,1,6,6,3,11,965,50,14,Loss,10777,2,0.55,13099,12870,12919,,,1,4,0,,,,
436,1,6/25/2024,23:47,23:47,First,None,Us,Anubis,T,8,1,12,5,4,7,1333,63,53,Loss,10669,2,0.8,12056,12434,12214,,,2,5,0,,,,
437,1,6/26/2024,0:25,0:25,First,None,Us,Vertigo,T,8,3,8,4,0,5,1301,61,33,Win,10552,2,0.93,11074,10891,11098,,,1,0,1,,,,
438,1,6/27/2024,21:03,21:03,First,None,Them,Mirage,T,12,2,11,9,1,5,1839,87,9,Loss,10912,2,1.34,11688,12982,12556,,,1,1,0,,,,
439,1,6/27/2024,21:44,21:44,Second,None,Us,Vertigo,T,2,2,9,2,1,4,636,39,75,Loss,10796,2,0.41,12373,12840,12621,,,2,2,0,,,,
440,1,6/27/2024,22:09,22:09,First,None,Them,Nuke,T,4,,11,0,,4,730,45,25,Loss,10692,2,0.26,11328,11472,11413,,,3,3,0,,,,
441,1,7/1/2024,23:23,23:23,First,None,Us,Inferno,T,14,7,7,16,3,12,3330,114,33,Win,10582,4,1.63,8257,8162,7657,,,1,0,1,,,,
442,1,7/3/2024,19:33,19:33,Second,None,Us,Dust II,CT,3,2,5,4,1,9,884,36,42,Win,10779,1,0.59,14934,14974,14953,,,1,0,2,,,,
443,1,7/3/2024,20:11,20:11,First,None,Them,Anubis,T,10,4,9,6,1,3,1635,77,43,Win,11001,3,1.29,14629,14305,14462,,,2,0,3,,,,
444,1,7/3/2024,21:00,21:00,Second,None,Us,Dust II,CT,4,1,5,6,2,9,977,57,40,Loss,11358,3,0.72,14777,15403,15113,,,3,1,0,,,,
445,1,7/7/2024,20:50,20:50,First,None,Them,Mirage,T,8,3,12,15,5,7,2509,114,30,Loss,11253,1,1.44,12042,12208,12074,TML,,1,2,0,,,,
446,1,7/7/2024,21:47,21:47,First,None,Us,Nuke,CT,6,0,6,13,2,9,2045,113,36,Loss,11132,4,1.37,7607,8388,8034,,,2,3,0,,,,
447,1,7/7/2024,22:28,22:28,First,None,Us,Vertigo,T,8,3,10,7,0,7,1481,88,53,Loss,11023,5,0.95,6921,9136,8085,,,3,4,0,,,,
448,1,7/7/2024,23:52,23:52,First,None,Us,Dust II,T,6,4,10,10,1,7,1654,75,31,Loss,10906,4,1.08,8303,7693,7973,TML,,4,5,0,,,,
449,1,7/8/2024,0:33,0:33,First,None,Us,Ancient,,9,3,6,8,0,2,1719,95,41,Win,10454,5,1.62,7025,7615,7340,,,1,0,1,,,,
450,1,7/10/2024,23:09,23:09,First,None,Them,Mirage,T,12,0,5,3,2,3,1691,99,60,Win,10559,1,1.5,10021,9812,9932,,,1,0,2,,,,
451,1,7/14/2024,21:54,21:54,Second,None,Us,Dust II,CT,8,1,9,4,4,8,1558,70,33,Loss,10681,4,0.91,7045,8591,7749,,,1,1,0,,,,
452,1,7/14/2024,22:47,22:47,Second,None,Us,Vertigo,CT,0,2,3,10,0,10,1044,69,40,Loss,10462,4,1,6531,6541,6496,,,2,2,0,,,,
453,1,7/17/2024,19:19,19:19,First,None,Us,Dust II,CT,1,7,13,7,3,12,1649,54,9,Loss,10000,1,0.58,9834,9112,9514,,,1,3,0,,,,
454,1,7/17/2024,20:03,20:03,Second,None,Us,Anubis,T,6,4,6,3,0,6,1165,55,44,Win,9893,4,0.85,14519,15125,14788,,,2,0,1,,,,
455,1,7/17/2024,20:46,20:46,Second,None,Us,Vertigo,CT,3,2,8,10,1,8,1491,71,46,Loss,9995,3,0.92,14301,14101,14176,,,3,1,0,,,,
456,1,7/21/2024,21:58,21:58,Second,None,Us,Dust II,CT,4,4,4,6,0,11,1385,82,50,Loss,9631,3,0.85,14519,15125,14788,,,1,2,0,,,,
457,1,7/21/2024,22:34,22:34,First,None,Us,Nuke,T,10,3,7,10,4,9,2131,92,40,Win,9489,3,1.37,6255,6545,6360,,,2,0,1,,,,
458,1,7/21/2024,23:20,23:20,Second,None,Neither,Nuke,CT,5,3,8,10,0,6,1515,72,46,Loss,9593,4,1.1,6215,6783,6497,,,3,1,0,,,,
459,1,7/21/2024,23:55,23:55,First,None,Them,Ancient,CT,0,0,0,7,0,0,475,67,57,Win,9180,3,1.88,7316,6523,6734,S,,4,0,1,,,,
460,1,7/22/2024,0:08,0:08,Second,None,Us,Inferno,CT,10,0,7,8,2,9,1754,83,55,Loss,9304,3,1.13,7376,7916,7632,,,1,1,0,,,,
461,1,7/22/2024,20:30,20:30,Second,AimLabs,Them,Dust II,T,10,3,9,9,3,6,2127,101,36,Win,8856,1,1.38,8703,8600,8673,,,2,0,1,,,,
462,1,7/22/2024,22:18,22:18,Second,AimLabs,Us,Dust II,CT,10,3,6,11,1,8,2175,98,33,Win,8968,1,1.49,8748,8733,8800,,,3,0,2,,,,
463,1,7/23/2024,23:01,23:01,Second,None,Us,Nuke,CT,0,0,6,5,2,11,561,29,60,Win,9092,5,0.34,13207,12747,12969,,,1,0,3,,,,
464,1,7/26/2024,22:07,22:07,Second,AimLabs,Them,Dust II,CT,9,4,10,11,2,9,2217,100,35,Win,9370,1,1.24,9344,9607,9476,,,1,0,4,,,,
465,1,7/26/2024,23:08,23:08,Second,None,Them,Nuke,CT,9,5,8,5,4,6,1684,76,57,Win,9732,5,1.16,14490,14592,14566,,,2,0,5,,,,
466,1,7/28/2024,18:38,18:38,Second,None,Them,Vertigo,CT,3,3,6,8,0,8,1014,46,36,Win,9999,4,0.8,14696,14123,14459,,,1,0,6,,,,
467,1,7/28/2024,19:22,19:22,First,None,Them,Anubis,T,8,8,7,9,2,6,1957,81,41,Win,10105,4,1.24,14955,14899,14968,,,2,0,7,,,,
468,1,7/28/2024,20:10,20:10,Second,None,Us,Mirage,CT,8,1,11,6,5,7,1554,55,57,Win,10472,3,0.88,16353,16696,16542,,,3,0,8,,,,
469,1,7/29/2024,19:50,19:50,First,None,Us,Vertigo,T,4,1,6,1,2,1,546,34,20,Win,10847,2,0.69,15413,15563,15530,,,1,0,9,,,,
470,1,7/29/2024,20:17,20:17,Second,None,Neither,Mirage,CT,2,3,6,7,0,9,824,41,33,Loss,11252,2,0.61,15661,16200,15954,,,2,1,0,,,,
471,1,7/30/2024,22:51,22:51,Second,AimLabs,Neither,Ancient,T,9,1,10,8,0,3,1833,83,41,Win,11145,1,1.19,12273,12227,12368,,,1,0,1,,,,
472,1,7/30/2024,23:37,23:37,First,None,Neither,Anubis,T,3,4,11,0,3,5,855,47,0,Loss,11556,2,0.25,13103,13121,13159,,,2,1,0,,,,
473,1,7/31/2024,0:10,0:10,First,None,Them,Nuke,CT,12,2,9,7,2,8,2009,83,26,Win,11450,2,1.18,11755,12843,12326,,,1,0,1,,,,
474,1,8/4/2024,20:38,20:38,Second,None,Us,Vertigo,CT,15,1,9,12,3,9,2683,111,40,Loss,11836,3,,,,,,,1,1,0,,,,
475,1,8/4/2024,21:27,21:27,Second,None,Us,Mirage,CT,14,3,11,6,4,9,2237,79,25,Win,11725,3,,,,,,,2,0,1,,,,
476,1,8/4/2024,22:12,22:12,First,None,Them,Inferno,T,8,2,6,4,3,3,1181,69,33,Win,12096,2,,,,,,,3,0,2,,,,
477,1,8/4/2024,22:41,22:41,First,None,Them,Nuke,T,5,2,4,16,3,7,2092,110,42,Win,12469,2,,,,,,,4,0,3,,,,
478,1,8/4/2024,23:15,23:15,Second,None,Them,Dust II,CT,4,2,7,11,2,9,1497,71,46,Win,12828,2,,,,,,,5,0,4,,,,
479,1,8/5/2024,20:54,20:54,First,None,Neither,Ancient,CT,8,1,6,10,2,10,1907,86,27,Win,12723,3,,,,,,,1,0,5,,,,
480,1,8/5/2024,21:32,21:32,Second,None,Us,Nuke,CT,2,1,6,9,7,6,1320,66,36,Loss,12921,4,,,,,,,2,1,0,,,,
481,1,8/8/2024,0:07,0:07,First,None,Us,Dust II,T,10,4,9,13,6,12,2367,81,43,Loss,12816,3,,,,,,,1,2,0,,,,
482,1,8/8/2024,20:12,20:12,Second,None,Them,Anubis,CT,2,2,5,5,3,10,1066,62,57,Loss,12244,5,,,,,,,2,3,0,,,,
483,1,8/8/2024,20:44,20:44,First,None,Us,Vertigo,T,5,2,8,3,2,10,900,40,37,Loss,11784,5,,,,,,,3,4,0,,,,
484,1,8/8/2024,21:28,21:28,First,None,Us,Mirage,T,5,4,12,10,9,9,1901,63,46,Tie,11667,4,,,,,,,4,0,0,,,,
485,1,8/8/2024,22:35,22:35,First,None,Us,Mirage,CT,14,2,7,10,4,7,2674,116,45,Win,11608,1,,,,,,,5,0,1,,,,
486,1,8/8/2024,23:20,23:20,First,None,Them,Nuke,CT,4,4,8,7,5,8,1660,75,63,Loss,11925,1,,,,,,,6,1,0,,,,
487,1,8/9/2024,23:27,23:27,First,AimLabs,Us,Vertigo,T,9,4,7,3,7,10,1551,67,33,Win,11807,1,,,,,,,1,0,1,,,,
488,1,8/12/2024,20:14,20:14,First,None,Us,Mirage,T,3,3,10,8,2,6,1246,56,18,Loss,11968,4,,,,,,,1,1,0,,,,
489,1,8/12/2024,20:54,20:54,Second,None,Us,Anubis,CT,8,5,9,4,3,6,1495,71,25,Win,11863,4,,,,,,,2,0,1,,,,
490,1,8/12/2024,21:32,21:32,Second,None,Us,Vertigo,CT,4,1,6,6,5,7,1457,69,40,Win,12166,4,,,,,,,3,0,2,,,,
491,1,8/13/2024,22:38,22:38,First,None,Us,Inferno,T,4,2,6,4,3,6,1025,53,25,Win,12523,1,,,,,,,1,0,3,,,,
492,1,8/13/2024,23:28,23:28,First,AimLabs,Us,Inferno,T,6,4,12,7,6,11,1984,66,30,Win,12891,1,,,,,,,2,0,4,,,,
493,1,8/14/2024,0:42,0:42,Second,AimLabs,Neither,Anubis,CT,9,1,4,8,4,9,1918,106,35,Loss,13257,1,,,,,,,1,1,0,,,,
494,1,8/14/2024,17:21,17:21,Second,AimLabs,Us,Nuke,CT,5,4,9,7,5,8,1595,75,25,Loss,13152,1,,,,,,,2,2,0,,,,
495,1,8/14/2024,18:11,18:11,First,AimLabs,Us,Inferno,T,8,6,5,4,1,8,1530,69,50,Win,13041,1,,,,,EL,,3,0,1,,,,
496,1,8/14/2024,19:25,19:25,Second,AimLabs,Us,Nuke,CT,3,0,3,8,2,3,1116,69,45,Win,13272,1,,,,,,,4,0,2,,,,
497,1,8/17/2024,0:24,0:24,Second,None,Us,Ancient,CT,16,2,9,10,5,9,2832,118,34,Loss,13593,4,,,,,,,1,1,0,,,,
498,1,8/17/2024,1:05,1:05,Second,None,Us,Inferno,CT,11,4,10,7,4,9,2367,98,44,Win,13481,4,,,,,,,2,0,1,,,,
499,1,8/22/2024,21:55,21:55,First,AimLabs,Us,Inferno,T,6,4,12,2,1,5,1066,59,12,Loss,13583,1,,,,,,,1,1,0,,,,
500,1,8/22/2024,22:44,22:44,First,AimLabs,Them,Nuke,T,6,2,6,5,2,4,1080,60,36,Win,13143,1,,,,,,,2,0,1,,,,
501,1,8/25/2024,15:24,15:24,Second,AimLabs,Us,Vertigo,CT,3,0,7,13,1,9,1424,74,25,Loss,13263,1,,,,,,,1,1,0,,,,
502,1,8/25/2024,16:10,16:10,Second,AimLabs,Us,Mirage,CT,5,8,9,11,4,9,2187,99,50,Loss,13146,1,,,,,,,2,2,0,,,,
503,1,8/25/2024,16:57,16:57,First,None,Them,Dust II,T,7,4,10,5,2,8,1377,62,50,Loss,12880,1,,,,,,,3,3,0,,,,
504,1,8/27/2024,21:47,21:47,First,None,Us,Dust II,T,2,2,10,3,2,5,964,53,40,Loss,12567,4,,,,,,,1,4,0,,,,
505,1,8/27/2024,22:14,22:14,Second,None,Neither,Anubis,T,9,5,11,3,4,6,1911,100,50,Loss,12209,3,,,,,TML,,2,5,0,,,,
506,1,8/27/2024,22:56,22:56,Second,None,Us,Nuke,CT,3,0,0,13,1,8,1353,90,43,Win,12035,2,,,,,,,3,0,1,,,,
507,1,8/28/2024,20:57,20:57,First,None,Them,Mirage,T,8,4,9,4,1,4,1263,63,50,Win,12145,5,,,,,,,1,0,2,,,,
508,1,8/28/2024,21:32,21:32,First,None,Us,Nuke,T,5,4,11,4,4,9,1262,52,33,Loss,12503,5,,,,,,,2,1,0,,,,
509,1,9/1/2024,18:34,18:34,Second,None,Neither,Dust II,T,8,3,8,4,1,5,1288,61,25,Win,12392,2,,,,,,,1,0,1,,,,
510,1,9/1/2024,19:35,19:35,Second,None,Us,Anubis,CT,14,4,10,13,5,6,3171,113,14,Win,12754,2,,,,,,,2,0,2,,,,
511,1,9/1/2024,21:38,21:38,Second,None,Them,Ancient,CT,5,2,2,10,0,10,1460,85,26,Loss,13112,3,,,,,,,3,1,0,,,,
512,1,9/8/2024,23:11,23:11,First,None,Us,Nuke,T,3,3,10,12,2,8,1476,49,40,Win,13008,2,,,,,,,1,0,1,,,,
513,1,9/9/2024,21:24,21:24,Second,None,Us,Ancient,CT,6,1,9,7,5,11,1875,81,38,Loss,13127,2,,,,,,,1,1,0,,,,
514,1,9/15/2024,19:34,19:34,First,None,Us,Anubis,T,7,3,5,5,2,5,1424,59,16,Win,12699,3,,,,,,,1,0,1,,,,
515,1,9/15/2024,20:16,20:16,Second,None,Them,Ancient,CT,5,2,6,9,5,8,1498,68,14,Loss,12812,5,,,,,,,2,1,0,,,,
516,1,9/15/2024,21:02,21:02,Second,None,Us,Vertigo,CT,8,3,3,9,1,7,1977,98,41,Win,12704,5,,,,,,,3,0,1,,,,
517,1,9/15/2024,21:34,21:34,First,None,Us,Anubis,T,3,7,9,6,0,7,1220,55,33,Win,12809,5,,,,,,,4,0,2,,,,
518,1,9/15/2024,22:13,22:13,First,None,Us,Dust II,T,6,3,10,7,2,7,1486,70,46,Win,13171,5,,,,,,,5,0,3,,,,
519,1,9/19/2024,19:47,19:47,Second,None,Them,Ancient,CT,7,4,7,5,3,8,1304,59,16,Win,13539,2,,,,,,,1,0,4,,,,
520,1,10/3/2024,20:12,20:12,First,None,Them,Vertigo,CT,1,0,2,3,4,12,707,50,75,Loss,13903,3,,,,,,,1,1,0,,,,
521,1,10/3/2024,20:48,20:48,Second,None,Them,Mirage,CT,,,,,,,,,,Win,13797,3,,,,,,,2,0,1,,,,
522,1,10/5/2024,21:34,21:34,Second,None,,Mirage,CT,4,0,4,7,2,8,1170,58,36,Win,13744,5,,,,,,,1,0,2,-2.53,55,47,31
523,1,10/5/2024,22:10,22:10,First,None,Us,Anubis,T,3,0,11,5,1,7,706,29,62,Loss,14110,5,,,,,,,2,1,0,-2.92,50,50,60
524,1,10/8/2024,21:57,21:57,First,AimLabs,Us,Dust II,T,8,3,7,5,3,8,1427,64,30,Loss,14001,1,0.87,14449,14938,14766,,,1,2,0,1.86,69,43,60
525,1,10/8/2024,22:47,22:47,Second,AimLabs,Them,Nuke,T,8,1,10,4,3,5,1376,76,25,Loss,13885,1,0.95,14104,14253,14168,,,2,3,0,-1.25,69,44,32
526,1,10/14/2024,16:42,16:42,Second,AimLabs,Us,Mirage,CT,,,,,,,1320,57,40,Loss,13784,1,,,,,,,1,4,0,-3.41,50,51,44
527,1,10/18/2024,21:54,21:54,First,None,Us,Mirage,T,1,1,6,0,1,4,305,16,100,Win,13669,5,,,,,,,1,0,1,-6.59,32,29,36
528,1,10/18/2024,22:33,22:33,Second,None,,Anubis,CT,2,0,5,4,0,9,751,34,50,Win,13832,5,,,,,,,2,0,2,-4.15,21,13,54
529,1,10/22/2024,22:19,22:19,Second,None,Us,Dust II,CT,6,4,7,15,3,8,2328,97,47,Win,14192,2,,,,,,,1,0,3,3.18,59,48,70
530,1,10/22/2024,23:01,23:01,First,None,Them,Vertigo,T,7,6,10,6,2,10,1334,60,38,Loss,14558,2,,,,,,,2,1,0,-2.92,70,55,55
531,1,10/24/2024,19:54,19:54,First,None,Them,Nuke,T,7,2,8,2,4,8,1263,57,33,Loss,14435,3,,,,,,,1,2,0,-3.01,26,55,41
532,1,10/24/2024,20:34,20:34,Second,None,Us,Vertigo,CT,4,3,12,8,2,10,1090,16,36,Loss,14331,3,,,,,,,2,3,0,-5.48,75,47,48
533,2,10/27/2024,0:07,0:07,Second,None,Us,Inferno,CT,8,2,6,10,0,8,1732,86,50,Loss,Placement,3,,,,,,,1,4,0,-3.48,28,54,53
534,2,10/27/2024,0:50,0:50,First,None,Us,Inferno,CT,11,1,4,14,1,8,2190,104,44,Loss,Placement,4,,,,,,,2,5,0,8.2,15,78,47
535,2,11/3/2024,20:29,20:29,First,None,Neither,Vertigo,T,,,,,,,,57,,Loss,Placement,4,,,,,,,1,6,0,-10.11,68,31,54
536,2,11/3/2024,21:01,21:01,First,None,Us,Nuke,T,,,,,,,631,31,14,Loss,Placement,3,,,,,BC,,2,7,0,-5.85,31,35,48
537,2,11/9/2024,21:23,21:23,Second,None,Us,Inferno,CT,,,,,,,1589,69,11,Loss,Placement,4,,,,,,,1,8,0,1.44,32,46,58
538,2,11/9/2024,22:13,22:13,First,None,Us,Mirage,CT,0,0,0,8,5,2,983,75,37,Win,Placement,4,,,,,TML,,2,0,1,5.16,75,62,40
539,2,11/9/2024,20:38,20:38,Second,None,,Ancient,CT,9,4,5,8,2,7,1776,74,17,Win,Placement,4,,,,,,,3,0,2,,,,
540,1,11/9/2024,23:21,23:21,Second,None,Us,Mirage,CT,9,2,3,9,1,7,1723,86,33,Win,14198,5,,,,,,,4,0,3,9.55,21,51,48
541,2,11/10/2024,21:37,21:37,First,None,Neither,Mirage,T,6,1,12,0,0,1,693,53,50,Loss,Placement,5,,,,,BC,,1,1,0,-4.73,4,80,73
542,1,11/11/2024,21:23,21:23,First,None,Them,Vertigo,T,8,2,8,6,3,12,1845,65,53,Loss,14337,5,0.82,15659,16464,16121,,,1,2,0,-3.09,63,61,58
543,1,11/11/2024,22:58,22:58,First,None,,Vertigo,T,6,4,6,7,0,5,1650,78,15,Win,13965,5,1.19,15444,15448,15473,,,2,0,1,-0.25,44,48,24
544,1,11/11/2024,21:31,21:31,First,None,Us,Ancient,T,3,1,9,8,1,5,1189,49,18,Loss,14320,5,0.74,15806,16375,16161,,,3,1,0,-1.61,25,57,57
545,1,11/11/2024,22:27,22:27,Second,None,Us,Nuke,T,7,5,10,14,2,3,2301,100,42,Win,14139,5,,,,,,,4,0,1,4.69,35,45,40
546,1,11/17/2024,11:43,11:43,Second,None,Us,Mirage,CT,4,3,9,13,2,8,1557,70,35,Loss,14496,2,,,,,,,1,1,0,-2.12,65,66,59
547,1,11/17/2024,12:21,12:21,Second,None,Them,Ancient,CT,1,2,1,8,3,8,1235,72,44,Win,14233,2,,,,,,,2,0,1,0.15,31,68,43
548,1,11/17/2024,12:49,12:49,Second,None,,Dust II,CT,12,2,5,7,3,9,2056,93,31,Win,14606,2,,,,,,,3,0,2,-0.33,38,38,50
549,1,11/17/2024,22:22,22:22,First,None,Them,Anubis,CT,6,3,9,11,2,8,1966,93,17,Loss,14961,3,,,,,,,4,1,0,1.23,39,84,76
550,1,11/20/2024,0:04,0:04,Second,None,Them,Anubis,CT,7,2,10,10,3,10,1532,51,17,Tie,14620,3,,,,,,,1,0,0,-0.83,52,66,59
551,1,11/25/2024,23:00,23:00,First,None,Us,Nuke,CT,9,2,2,8,1,10,1717,81,5,Win,14676,3,,,,,,,1,0,1,4.92,77,56,42
552,1,11/25/2024,23:34,23:34,Second,None,Us,Dust II,CT,10,3,4,11,4,7,2049,93,33,Win,14983,3,,,,,,,2,0,2,4.48,80,64,63
553,1,12/1/2024,12:48,12:48,Second,None,Them,Ancient,CT,7,4,8,8,2,10,1753,62,26,Loss,14999,3,,,,,,,1,1,0,-0.99,73,58,45
554,1,12/1/2024,13:40,13:40,Second,None,Us,Inferno,CT,5,3,9,7,0,8,1138,47,0,Win,14876,3,,,,,,,2,0,1,-3.05,55,59,50
555,1,12/8/2024,21:58,21:58,Second,None,,Ancient,CT,5,3,6,8,3,5,1243,65,38,Win,14999,4,1.24,14891,15349,15143,,,1,0,2,-0.38,58,69,56
556,1,12/13/2024,21:53,21:53,First,None,Us,Mirage,T,5,5,9,1,0,6,1023,54,,Loss,15106,5,,,,,,,1,1,0,-6.81,52,56,43
557,1,12/18/2024,20:19,20:19,First,None,,Vertigo,T,2,5,7,5,1,12,,42,33,Win,15005,4,,,,,,,1,0,1,-4.75,26,36,64
558,1,12/18/2024,21:12,21:12,Second,None,Us,Ancient,CT,7,2,1,7,3,6,,84,50,Win,15427,4,,,,,,,2,0,2,0.9,68,21,31
559,1,12/18/2024,21:47,21:47,,None,,Anubis,CT,5,3,5,7,0,5,1120,53,33,Win,15834,4,,,,,,,3,0,3,,,,
560,2,12/26/2024,23:39,23:39,Second,None,Neither,Ancient,CT,4,1,7,10,6,7,1580,83,28,Loss,Placement,4,,,,,,,1,1,0,,,,
561,1,12/28/2024,19:52,19:52,Second,None,Neither,Mirage,CT,0,1,4,3,3,11,526,30,66,Loss,16232,5,0.26,17507,18175,17887,,,1,2,0,-7.14,36,41,49
562,1,12/28/2024,20:27,20:27,First,None,Neither,Anubis,T,4,1,8,5,1,4,995,55,33,Win,16108,5,,,,,,,2,0,1,,,,
563,1,12/28/2024,21:05,21:05,Second,None,Neither,Ancient,T,10,4,6,2,2,4,1326,73,58,Win,,5,,,,,,,3,0,2,1.33,80,68,75
564,1,12/28/2024,21:38,21:38,First,None,Them,Vertigo,T,7,3,8,5,3,8,1571,71,33,Win,16872,5,,,,,,,4,0,3,,,,
565,1,12/28/2024,22:12,22:12,First,None,Them,Ancient,T,6,4,6,1,2,1,773,48,71,Win,17274,5,,,,,,,5,0,4,,,,
566,1,1/2/2025,19:05,19:05,First,None,Us,Dust II,T,4,4,9,5,0,8,946,47,33,Loss,17676,5,,,,,,,1,1,0,,,,
567,1,1/2/2025,20:58,20:58,First,None,Them,Mirage,T,4,2,7,2,3,8,1023,48,50,Loss,17558,5,,,,,,,2,2,0,,,,
568,2,1/12/2025,20:57,20:57,Second,None,Us,Mirage,CT,6,0,2,6,1,7,1121,59,33,Win,Placement,2,,,,,,,1,0,1,,,,
569,2,1/12/2025,21:28,21:28,Second,None,,Vertigo,CT,6,2,4,7,3,4,1175,65,30,Win,Placement,3,,,,,,,2,0,2,,,,
570,1,1/28/2025,22:43,22:43,First,AimLabs,Neither,Train,T,9,0,8,9,1,10,1408,50,38,Win,Placement,1,0.96,,,,,,1,0,3,0.47,57,69,50
571,1,1/31/2025,20:02,20:02,First,Deathmatch,Them,Mirage,T,,,,,,,1137,63,42,Loss,Placement,1,0.59,,,,,,1,1,0,-7.15,21,69,41
572,1,1/31/2025,20:42,20:42,First,Aimlabs,Neither,Inferno ,T,5,3,9,5,2,8,1326,63,40,Loss,Placement,1,0.76,,,,,,2,2,0,-7.16,23,23,48
573,1,1/31/2025,23:38,23:38,Second,Deathmatch,Them,Inferno,CT,7,5,6,13,1,7,2046,88,45,Win,Placement,1,1.34,,,,,,3,0,1,0.76,42,64,59
574,1,2/2/2025,20:46,20:46,Second,None,Them,Train,CT,10,4,11,5,1,11,1915,63,40,Win,Placement,3,0.79,,,,,,1,0,2,-1.8,80,38,58
575,2,2/2/2025,21:52,21:52,Second,None,,Train,CT,6,0,0,7,2,6,1307,87,30,Win,Placement,3,,,,,,,2,0,3,0.96,81,87,30
576,2,2/2/2025,22:18,22:18,First,None,,Dust II,T,12,2,9,17,6,10,3283,113,41,Win,Placement,5,,,,,,,3,0,4,,,,
577,1,2/4/2025,22:47,22:47,Second,Deathmatch,Them,Mirage,CT,7,2,2,7,2,8,1271,70,35,Win,Placement,1,,,,,BC,,1,0,5,2.86,62,47,63
578,2,2/5/2025,0:35,0:35,Second,None,Them,Dust II,CT,,,,,,,,,,Loss,Placement,4,,,,,BC,,1,1,0,,,,
579,2,2/5/2025,1:05,1:05,Second,None,Us,Dust II,CT,,,,,,,1872,85,28,Win,Placement,3,,,,,,,2,0,1,,,,
580,1,2/8/2025,19:04,19:04,Second,None,Them,Mirage,CT,9,1,8,5,2,7,1560,65,21,Win,Placement,4,,,,,,,1,0,2,-3.56,67,77,49
581,1,2/8/2025,19:48,19:48,Second,None,Us,Train,CT,4,1,8,7,0,10,1381,65,81,Loss,Placement,4,,,,,,,2,1,0,-1.15,56,61,65
582,1,2/8/2025,20:27,20:27,Second,None,,Dust II,CT,9,,,1,,,1232,61,60,Loss,Placement,3,,,,,BC,,3,2,0,1.42,30,63,53
583,1,2/8/2025,23:26,23:26,First,None,,Nuke,T,7,2,10,7,6,1,1855,97,21,Loss,Placement,2,,,,,,,4,3,0,1.6,44,63,25
584,1,2/8/2025,23:56,23:56,First,None,Them,Anubis,T,13,2,8,13,7,9,2236,74,7,Loss,Placement,2,,,,,,,5,4,0,4.51,61,66,61
585,1,2/9/2025,1:00,1:00,Second,Deathmatch,Us,Ancient,CT,6,2,8,7,1,8,1246,51,38,Win,Placement,1,,,,,,,1,0,1,1.56,55,39,68
586,1,2/9/2025,16:21,16:21,First,AimLabs,Us,Ancient,T,4,1,11,1,1,6,563,80,31,Loss,Placement,1,,,,,,,2,1,0,-11.56,80,78,48
587,2,2/9/2025,17:57,17:57,First,None,Us,Inferno,T,14,4,9,2,1,0,1727,115,31,Win,Placement,2,1.76,4320,3996,4092,,93.3,3,0,1,6.68,4,75,30
588,1,2/9/2025,18:46,18:46,First,AimLabs,Us,Dust II,T,11,2,7,4,3,3,1818,106,66,Win,Placement,1,1.58,17840,18454,18302,,94.1,4,0,2,7.13,51,78,58
589,1,2/11/2025,16:05,16:05,Second,Deathmatch,,Nuke,CT,10,2,12,8,2,5,1648,68,66,Win,Placement,1,1.22,19157,18193,18641,,87.5,1,0,3,-5.25,80,51,54
590,1,2/11/2025,23:42,23:42,Second,Deathmatch,Them,Mirage,CT,4,0,8,10,5,7,1933,87,71,Loss,Placement,1,1.09,18314,17698,17998,,72.7,2,1,0,-1.75,39,54,65
591,1,2/12/2025,0:23,0:23,First,None,Them,Anubis,T,6,2,7,1,3,6,954,45,42,Win,Placement,1,0.68,16794,18005,17525,,66.7,1,0,1,-4.13,48,59,60
592,1,2/16/2025,22:38,22:38,First,Aimlabs,Them,Ancient,CT,3,3,4,7,2,9,1029,49,40,Loss,Placement,1,0.81,17798,18074,18049,,,1,1,0,2.26,5,51,68
593,1,2/16/2025,23:25,23:25,First,Deathmatch,Us,Mirage,T,7,1,10,1,1,5,871,51,25,Loss,Placement,1,0.57,18239,18741,18505,,52.9,2,2,0,-5.51,26,34,54
594,1,2/17/2025,0:03,0:03,First,Deathmatch,,Train,T,6,2,8,9,3,6,1522,66,26,Win,Placement,1,1.05,17915,18454,18068,,69.6,1,0,1,-0.95,56,63,55
595,1,2/19/2025,22:21,22:21,First,Deathmatch,Them,Mirage,T,11,4,10,5,1,8,1601,76,31,Loss,17549,1,,,,,,,1,1,0,0.77,44,74,62
596,1,2/19/2025,23:00,23:00,Second,None,Us,Ancient,CT,4,4,9,9,3,9,1247,56,23,Loss,17439,1,,,,,,,2,2,0,-10.53,69,44,55
597,1,2/19/2025,23:45,23:45,Second,AimLabs,Us,Ancient,CT,7,2,9,3,0,7,1109,50,40,Win,17330,1,,,,,,,3,0,1,-10.61,34,54,52
598,1,2/20/2025,21:30,21:30,First,None,Neither,Mirage,T,2,1,10,9,6,10,1270,52,27,Loss,17713,4,,,,,,,1,1,0,-2.5,46,46,59
599,1,2/20/2025,22:42,22:42,Second,AimLabs,,Dust II,CT,4,1,7,8,6,8,1536,73,33,Win,17600,1,,,,,,,2,0,1,0.16,40,53,51
600,1,2/21/2025,23:21,23:21,Second,AimLabs,Us,Anubis,CT,5,2,6,8,2,6,1496,62,46,Win,17973,1,,,,,,,1,0,2,-0.27,23,53,60
601,1,2/22/2025,0:05,0:05,First,None,Us,Anubis,T,8,5,8,4,2,7,1385,60,50,Loss,18351,2,,,,,,,1,1,0,-3.6,45,67,67
602,1,2/22/2025,0:40,0:40,First,None,Us,Ancient,T,11,6,10,13,3,10,2286,76,16,Win,18245,2,,,,,,,2,0,1,3.03,59,48,58
603,1,2/22/2025,17:24,17:24,First,None,Them,Nuke,T,7,3,10,5,9,14,1658,59,25,Loss,18609,3,,,,,,,3,1,0,-4.34,79,54,56
604,1,2/22/2025,18:13,18:13,Second,None,Us,Anubis,CT,9,1,7,7,0,7,1615,67,25,Loss,18283,3,,,,,,,4,2,0,0.75,48,44,54
605,1,2/24/2025,20:16,20:16,First,None,Us,Mirage,T,7,5,7,3,3,10,1209,50,40,Loss,17958,2,,,,,,,1,3,0,,,,
606,2,2/27/2025,23:51,23:51,Second,None,Us,Nuke,CT,5,2,8,14,3,8,2092,99,31,Loss,Placement,5,,,,,,,1,4,0,1.82,67,52,35
607,2,2/28/2025,0:34,0:34,First,None,Neither,Inferno,CT,,,,,,,,,,Loss,Placement,5,,,,,,,1,5,0,0.03,21,55,66
608,2,2/28/2025,1:18,1:18,First,None,Them,Nuke,CT,,,,,,,2361,102,22,Win,Placement,4,,,,,,,2,0,1,,,,
609,1,3/1/2025,19:28,19:28,Second,None,Us,Mirage,CT,2,2,5,5,0,9,570,31,42,Loss,17590,3,,,,,,,1,1,0,-5.87,68,38,51
610,1,3/1/2025,19:59,19:59,Second,None,Us,Mirage,CT,,,,,,,412,22,40,Win,17255,3,,,,,,,2,0,1,-1.27,51,51,43
611,1,3/1/2025,20:31,20:31,Second,None,Us,Mirage,CT,4,3,7,7,1,6,1279,60,27,Win,17623,3,,,,,,,3,0,2,,,,
612,1,3/1/2025,21:07,21:07,Second,None,Them,Anubis,CT,9,1,7,7,1,6,1316,59,43,Win,17989,3,,,,,,,4,0,3,,,,
613,1,3/1/2025,21:45,21:45,First,None,,Mirage,T,8,0,7,8,3,6,1434,59,68,Win,18345,4,,,,,,,5,0,4,5.51,56,66,46
614,1,3/1/2025,22:33,22:33,Second,None,Us,Ancient,CT,3,3,8,9,3,5,1301,61,41,Win,18696,5,,,,,,,6,0,5,,,,
615,1,3/2/2025,20:49,20:49,Second,None,Us,Anubis,T,3,4,11,6,1,7,1252,59,66,Loss,19066,5,,,,,,,1,1,0,-3.18,43,26,57
616,1,3/2/2025,21:23,21:23,First,None,,Nuke,T,4,2,7,6,3,7,1179,53,40,Loss,18818,5,,,,,,,2,2,0,-2.48,56,26,37
617,1,3/2/2025,22:03,22:03,First,None,Them,Inferno,T,7,1,12,1,0,4,1025,60,12,Loss,18521,5,,,,,,,3,3,0,,,,
618,1,3/3/2025,16:03,16:03,Second,AimLabs,Us,Mirage,CT,1,1,4,6,4,10,973,60,57,Loss,18153,1,,,,,,,1,4,0,-2.43,48,51,72
619,1,3/3/2025,16:37,16:37,First,None,Us,Ancient,T,5,4,4,4,2,4,1293,64,22,Win,17881,1,,,,,,,2,0,1,-5.07,40,71,63
620,1,3/3/2025,19:13,19:13,Second,None,Neither,Mirage,CT,9,2,4,7,2,5,1545,77,37,Win,18228,4,,,,,,,3,0,2,,,,
621,1,3/3/2025,19:49,19:49,First,None,Them,Nuke,T,6,1,7,5,1,7,1061,50,18,Loss,18585,5,,,,,,,4,1,0,2.23,74,45,65
622,1,3/3/2025,20:28,20:28,First,None,Them,Dust II,T,10,3,8,4,3,9,1614,73,28,Loss,18322,5,,,,,,,5,2,0,,,,
623,1,3/3/2025,21:07,21:07,Second,None,Them,Anubis,CT,5,1,8,6,1,9,1339,63,45,Loss,18016,5,,,,,,,6,3,0,,,,
624,2,3/3/2025,21:45,21:45,Second,None,,Anubis,CT,3,1,1,16,4,4,2036,119,5,Win,Placement,3,,,,,,,7,0,1,6.3,70,87,86
625,2,3/3/2025,22:20,22:20,Second,None,Them,Mirage,CT,6,0,3,4,6,5,1458,81,20,Win,Placement,5,,,,,,,8,0,2,,,,
626,2,3/3/2025,22:49,22:49,First,None,Us,Nuke,T,14,2,8,8,5,5,2258,107,45,Win,Placement,5,,,,,,,9,0,3,,,,
627,1,3/4/2025,20:10,20:10,Second,None,Us,Anubis,T,3,2,9,8,0,5,1183,53,27,Win,17728,5,,,,,,,1,0,4,-1.49,46,50,61
628,1,3/4/2025,20:54,20:54,First,None,Them,Train,T,6,2,7,3,2,6,1307,59,44,Win,18098,5,,,,,,,2,0,5,0.21,15,58,60
629,1,3/4/2025,21:31,21:31,Second,None,,Mirage,CT,2,2,5,3,3,11,984,57,20,Loss,18449,5,,,,,,,3,1,0,-8.02,32,47,66
630,2,3/4/2025,22:09,22:09,First,None,Us,Anubis,T,19,0,7,5,0,1,2127,132,20,Win,Placement,2,,,,,,,4,0,1,15.64,66,81,52
631,2,3/4/2025,22:38,22:38,Second,None,Them,Nuke,CT,12,6,5,11,2,9,2110,95,30,Win,Placement,2,,,,,,,5,0,2,4.01,61,58,63
632,2,3/4/2025,23:19,23:19,First,None,Them,Inferno,CT,0,0,0,9,1,3,759,84,11,Win,7566,2,,,,,S,,6,0,3,,,,
633,2,3/5/2025,21:36,21:36,Second,None,Us,Nuke,CT,9,3,6,9,4,9,2503,119,38,Loss,8008,4,,,,,,,1,1,0,,,,
634,2,3/5/2025,22:12,22:12,First,None,Us,Inferno,T,12,1,7,4,1,6,1495,65,12,Win,7886,3,,,,,EL,,2,0,1,,,,
635,1,3/6/2025,18:45,18:45,First,AimLabs,Us,Inferno,T,8,0,9,11,5,11,2357,78,36,Win,18314,1,,,,,,,1,0,2,-0.39,29,68,54
636,1,3/6/2025,19:47,19:47,Second,None,Them,Mirage,CT,4,1,5,8,0,9,1028,54,25,Loss,18642,5,,,,,,,2,1,0,-5.25,55,48,50
637,1,3/6/2025,20:25,20:25,Second,None,Us,Ancient,CT,4,1,1,5,4,7,1186,69,22,Win,18318,5,,,,,,,3,0,1,0.63,58,63,42
638,1,3/6/2025,21:00,21:00,Second,None,,Ancient,CT,2,3,3,9,2,10,1252,73,63,Win,18671,5,,,,,EL,,4,0,2,-0.14,36,50,46
639,1,3/6/2025,21:35,21:35,First,None,Them,Dust II,CT,3,2,10,7,3,9,1303,54,30,Win,19038,5,,,,,,,5,0,3,-5.8,60,48,52
640,1,3/8/2025,23:06,23:06,Second,AimLabs,Us,Dust II,CT,3,0,4,8,1,8,1072,67,36,Loss,19415,1,,,,,,,1,1,0,-6.23,59,36,50
641,1,3/8/2025,23:40,23:40,First,None,Us,Mirage,T,4,7,8,1,1,4,835,41,60,Win,19268,1,,,,,,,2,0,1,-1.58,12,38,55
642,1,3/9/2025,17:59,17:59,First,None,Them,Nuke,T,5,3,7,7,2,9,1249,54,25,Win,19639,1,,,,,,,1,0,2,-2.77,41,60,78
643,1,3/9/2025,20:46,20:46,First,None,Them,Mirage,T,7,1,9,4,3,6,1291,56,18,Loss,19990,4,,,,,,,2,1,0,-4.19,34,19,67
644,1,3/9/2025,21:32,21:32,Second,None,Them,Anubis,T,3,4,12,1,0,3,812,54,50,Loss,19688,4,,,,,,,3,2,0,-9.01,84,57,27
645,1,3/9/2025,22:23,22:23,First,AimLabs,Them,Dust II,T,5,5,9,9,1,7,1162,48,35,Loss,19383,1,,,,,,,4,3,0,1.89,80,44,43
646,1,3/16/2025,21:43,21:43,Second,None,Us,Inferno,CT,6,0,6,8,3,9,,93,9,Loss,8292,4,,,,,,,1,4,0,-2.05,51,81,69
647,1,3/31/2025,20:52,20:52,First,None,Us,Mirage,T,7,4,5,3,2,8,1351,64,30,Win,Unranked,5,,,,,,,1,0,1,0.7,39,47,72
648,1,3/31/2025,21:33,21:33,First,None,Them,Nuke,T,7,1,10,8,2,8,1563,65,26,Loss,18543,5,,,,,,,2,1,0,4.29,63,49,50
649,1,4/9/2025,21:34,21:34,First,None,Them,Nuke,T,,,,,,,1191,59,45,Loss,18422,1,,,,,,,1,2,0,2.41,53,44,25
650,1,4/9/2025,22:24,22:24,Second,Deathmatch,Us,Nuke,CT,5,1,13,9,3,9,1446,48,21,Tie,18305,1,,,,,,,2,0,0,-5.75,62,32,31
651,1,4/9/2025,23:34,23:34,First,None,Them,Inferno,T,8,1,7,7,4,10,1691,70,40,Win,18250,1,,,,,,,3,0,1,-1.99,38,37,51
652,1,4/13/2025,20:23,20:23,First,AimLabs,Us,Anubis,T,7,2,8,7,1,7,1521,63,29,Win,18645,1,,,,,,,1,0,2,1.04,37,47,28
653,1,4/13/2025,23:11,23:11,Second,Deathmatch,Them,Dust II,CT,10,0,8,9,1,14,1905,63,52,Loss,19026,1,,,,,,,2,1,0,-1.24,37,54,63
654,1,4/14/2025,0:13,0:13,First,Deathmatch,Them,Anubis,T,10,2,12,9,0,9,2164,72,42,Win,18922,1,,,,,,,1,0,1,-1.89,50,66,46
655,1,4/14/2025,20:39,20:39,Second,None,Them,Mirage,CT,,,,,,,1087,51,35,Win,19287,5,,,,,,,2,0,2,-2.43,47,73,68
656,1,4/14/2025,21:17,21:17,First,None,,Ancient,T,5,2,10,0,0,4,644,40,25,Loss,19673,5,,,,,,,3,1,0,,,,
657,1,4/14/2025,22:39,22:39,First,AimLabs,,Mirage,T,10,3,10,8,5,5,1597,66,33,Loss,19550,1,,,,,,,4,2,0,-1.73,49,31,58
658,1,4/14/2025,23:27,23:27,First,None,Them,Ancient,T,3,5,10,2,3,6,777,40,60,Loss,19227,1,,,,,TML,,5,3,0,-5.55,54,51,55
659,1,4/15/2025,0:08,0:08,First,AimLabs,Us,Anubis,T,4,3,10,6,0,4,1108,58,30,Loss,18885,1,,,,,,,1,4,0,-6.12,34,56,55
660,1,4/15/2025,23:32,23:32,Second,None,Us,Mirage,CT,6,2,10,7,3,8,1377,57,53,Loss,18515,1,,,,,,,2,5,0,-4.07,63,42,50
661,1,4/16/2025,0:25,0:25,Second,Deathmatch,Us,Train,T,8,2,10,15,2,7,2124,70,39,Loss,18204,1,,,,,,,1,6,0,-2.56,53,61,51
662,1,4/16/2025,1:32,1:32,First,AimLabs,Them,Dust II,T,3,1,11,5,1,4,971,48,50,Loss,17785,1,,,,,,,2,7,0,,,,
663,1,4/16/2025,22:03,22:03,Second,None,,Nuke,T,8,1,8,7,2,7,1684,73,46,Win,17337,1,,,,,,,3,0,1,,,,
664,1,4/16/2025,22:50,22:50,First,Deathmatch,Them,Mirage,T,5,1,13,7,4,8,1916,63,41,Tie,17703,1,,,,,,,4,0,0,,,,
665,1,4/17/2025,0:05,0:05,Second,AimLabs,,Dust II,CT,,,,,,,1367,45,60,Tie,17646,1,,,,,BC,,1,0,0,,,,
666,1,4/20/2025,20:45,20:45,Second,None,Us,Anubis,CT,11,3,9,9,4,4,2063,89,20,Win,17700,4,,,,,,,1,0,1,5.1,69,63,73
667,1,4/20/2025,21:29,21:29,First,None,Us,Inferno,CT,2,2,7,8,2,9,1174,51,20,Loss,18065,5,,,,,,,2,1,0,-7.53,47,73,69
668,1,4/20/2025,22:17,22:17,First,None,Neither,Nuke,T,4,1,9,8,2,13,1657,55,28,Tie,17689,5,,,,,,,3,0,0,,,,
669,1,4/20/2025,23:12,23:12,First,None,Them,Mirage,T,,,,,,,970,46,60,Loss,17740,5,,,,,,,4,1,0,-7.29,27,44,46
670,1,4/21/2025,21:21,21:21,Second,Deathmatch,Us,Nuke,CT,6,2,4,6,3,7,1432,75,41,Win,17416,1,,,,,,,1,0,1,-1.15,66,42,45
671,1,4/21/2025,22:25,22:25,Second,Deathmatch,Them,Dust II,CT,8,4,11,6,3,11,1499,53,14,Loss,17746,1,,,,,,,2,1,0,3.05,73,54,58
672,1,4/21/2025,23:19,23:19,Second,None,Them,Anubis,CT,7,1,4,9,1,9,1641,82,25,Win,17412,1,,,,,,,3,0,1,,,,
673,1,4/22/2025,23:32,23:32,Second,AimLabs,Them,Anubis,T,5,0,6,4,1,10,1120,50,44,Loss,17736,1,,,,,,,1,1,0,-4.27,17,57,81
674,1,4/23/2025,0:24,0:24,First,AimLabs,Them,Inferno,T,8,4,10,12,4,9,2343,78,10,Win,17202,1,,,,,,,1,0,1,,,,
675,1,4/23/2025,23:12,23:12,First,Deathmatch,Them,Nuke,T,18,0,8,10,4,13,2339,80,28,Loss,17573,1,,,,,,,2,1,0,1.63,43,60,44
676,1,4/25/2025,21:57,21:57,First,AimLabs,Them,Mirage,T,9,3,6,4,2,6,1507,79,15,Loss,17119,1,,,,,,,1,2,0,-3.64,60,38,65
677,1,4/25/2025,22:35,22:35,First,Deathmatch,Us,Nuke,T,2,5,8,9,3,10,1555,64,36,Win,16705,1,,,,,,,2,0,1,,,,
678,1,5/5/2025,20:25,20:25,First,None,Them,Ancient,T,5,1,10,3,0,3,1055,70,37,Loss,17060,5,,,,,,,1,1,0,-13.31,34,75,52
679,1,5/5/2025,20:52,20:52,Second,None,Them,Dust II,CT,5,2,10,5,2,7,1543,70,40,Loss,16849,5,,,,,,,2,2,0,-6.11,33,45,49
680,1,5/5/2025,21:38,21:38,Second,None,Us,Ancient,CT,1,1,7,8,4,10,818,38,55,Loss,16431,4,,,,,,,3,3,0,-8.26,74,67,54
681,1,5/10/2025,19:32,19:32,Second,AimLabs,Us,Mirage,CT,5,1,6,6,5,9,1295,68,54,Loss,16145,1,,,,,,,1,4,0,-0.86,39,40,61
682,1,5/10/2025,20:56,20:56,Second,None,Them,Dust II,CT,1,2,6,5,4,10,884,49,0,Loss,15809,5,,,,,,,2,5,0,-7.61,48,15,87
683,1,5/10/2025,21:26,21:26,First,None,Neither,Mirage,T,2,2,6,7,4,7,1156,57,55,Loss,15370,5,,,,,,,3,6,0,-2.86,21,29,57
684,1,5/12/2025,19:53,19:53,First,None,Them,Inferno,T,3,2,8,7,2,8,1357,56,30,Loss,15008,2,,,,,,,1,7,0,-1.8,44,29,60
685,1,5/12/2025,20:43,20:43,Second,None,Neither,Nuke,CT,5,2,9,7,3,9,1393,46,8,Tie,15000,5,,,,,,,2,0,0,,,,
686,1,5/12/2025,21:32,21:32,Second,None,Neither,Dust II,CT,7,2,10,4,3,11,1306,54,63,Loss,15000,5,,,,,,,3,1,0,-7.57,41,50,61
687,1,5/13/2025,20:21,20:21,First,None,,Ancient,T,14,0,8,9,3,7,2114,84,17,Win,14888,5,,,,,2EL,,1,0,1,3.41,65,49,69
688,1,5/13/2025,21:07,21:07,First,None,Us,Anubis,T,8,3,8,1,1,6,1176,61,44,Loss,14999,4,,,,,,,2,1,0,-2.14,59,40,65
689,1,5/19/2025,20:41,20:41,Second,None,Us,Ancient,CT,4,0,4,3,2,10,890,55,28,Loss,15123,5,,,,,,,1,2,0,,,,
690,1,5/19/2025,21:10,21:10,First,None,Us,Anubis,T,9,0,5,8,5,9,2062,89,29,Win,15000,5,,,,,,,2,0,1,-3.48,43,75,56
691,1,5/19/2025,23:47,23:47,Second,AimLabs,Us,Nuke,CT,8,1,9,7,2,8,1570,68,26,Loss,15105,1,,,,,,,3,1,0,1.19,55,39,33
692,1,5/19/2025,0:42,0:42,First,Deathmatch,Us,Dust II,T,5,3,10,8,5,5,1169,53,46,Win,15000,1,,,,,,,4,0,1,,,,
693,1,5/25/2025,21:30,21:30,Second,None,Us,Mirage,CT,8,2,11,9,5,3,1895,63,40,Tie,15113,4,,,,,,,1,0,0,-1.19,29,49,67
694,1,5/25/2025,22:21,22:21,Second,None,Them,Dust II,CT,6,2,5,5,5,6,1379,62,18,Win,15057,4,,,,,,,2,0,1,1.76,29,31,63
695,1,5/25/2025,22:58,22:58,First,None,Neither,Ancient,T,4,1,7,4,1,1,775,48,37,Win,15316,3,,,,,,,3,0,2,1.58,77,20,61
696,1,5/28/2025,20:12,20:12,First,None,Them,Nuke,T,9,2,8,11,1,6,1965,89,25,Win,15686,5,,,,,,,1,0,3,1.06,63,58,23
697,1,5/28/2025,20:56,20:56,First,None,,Dust II,T,5,5,8,3,1,7,1039,51,50,Loss,15924,5,,,,,,,2,1,0,-2.82,70,39,30
698,1,5/28/2025,21:38,21:38,First,AimLabs,Us,Dust II,T,8,1,9,1,0,5,899,49,44,Loss,15499,1,,,,,,,3,2,0,,,,
699,1,6/5/2025,20:31,20:31,First,None,Us,Ancient,CT,5,4,8,7,3,10,1430,59,58,Loss,15124,5,,,,,,,1,3,0,,,,
700,1,6/5/2025,21:13,21:13,Second,None,Neither,Dust II,CT,3,9,12,8,3,9,1635,54,63,Tie,15000,5,,,,,,,2,0,0,,,,
701,1,6/6/2025,21:15,21:15,Second,None,Us,Ancient,CT,0,0,1,5,2,9,374,26,40,Loss,15000,4,,,,,TML,,1,1,0,,,,
702,1,6/10/2025,23:26,23:26,First,None,Them,Anubis,CT,8,2,4,4,7,7,1684,80,41,Win,14894,4,,,,,,,1,0,1,,,,
703,1,6/12/2025,21:54,21:54,Second,None,,Anubis,T,7,6,9,8,8,13,2227,76,60,Win,14999,2,,,,,,,1,0,2,,,,
704,1,6/15/2025,21:14,21:14,Second,None,Us,Anubis,CT,5,5,10,5,2,9,1355,56,30,Win,15117,5,,,,,,,1,0,3,-2.29,31,31,69
705,1,6/23/2025,19:51,19:51,Second,Deathmatch,Them,Anubis,T,4,1,10,7,1,4,769,38,36,Win,15482,1,,,,,,,1,0,4,-1.57,32,39,63
706,1,6/23/2025,20:29,20:29,First,None,Us,Nuke,T,1,2,11,1,3,3,406,23,0,Loss,15844,1,,,,,,,2,1,0,-11.77,12,15,61
707,1,6/23/2025,,,Second,AimLabs,Us,Mirage,CT,6,2,5,3,2,10,1061,55,33,Loss,15650,1,,,,,,,3,2,0,-1.65,21,25,58
708,1,6/23/2025,22:13,22:13,First,Deathmatch,Neither,Anubis,CT,2,3,9,5,3,6,851,40,14,Loss,15261,1,,,,,,,4,3,0,,,,
709,2,6/24/2025,22:43,22:43,Second,None,,Nuke,CT,7,1,10,11,4,8,1849,77,44,Loss,Unrated,2,,,,,,,1,4,0,,,,
710,1,6/24/2025,23:32,23:32,Second,None,Us,Nuke,CT,,,,,,,1254,73,36,Win,15000,1,,,,,,,2,0,1,,,,
711,1,6/28/2025,21:28,21:28,Second,None,Neither,Mirage,CT,5,1,10,7,2,8,1242,51,50,Loss,15229,4,,,,,,,1,1,0,,,,
712,1,6/28/2025,22:12,22:12,First,None,Us,Dust II,T,7,3,7,5,7,3,1516,72,33,Win,15000,4,,,,,,,2,0,1,,,,
713,1,6/29/2025,23:11,23:11,First,None,Us,Dust II,T,8,1,10,6,1,6,1492,64,42,Loss,15317,1,,,,,,,1,1,0,0.16,24,60,17
714,1,6/30/2025,12:41,12:41,First,Deathmatch,Us,Anubis,T,5,3,10,4,1,7,1158,52,33,Loss,15000,1,,,,,,,1,2,0,-8.43,36,73,38
715,1,6/30/2025,13:19,13:19,Second,None,Neither,Nuke,CT,9,4,10,4,5,11,1925,66,61,Loss,14886,1,,,,,,,2,3,0,-3.12,33,53,25
716,1,7/1/2025,19:09,19:09,Second,None,Them,Dust II,CT,0,0,1,7,1,9,814,58,14,Loss,14327,3,,,,,S,,1,4,0,,,,
717,1,7/1/2025,19:32,19:32,Second,None,Us,Mirage,CT,3,3,5,3,3,7,944,47,33,Win,13857,3,,,,,,,2,0,1,,,,
718,1,7/7/2025,15:42,15:42,First,None,Us,Train,CT,10,2,13,16,3,9,2578,85,46,Tie,14209,2,,,,,,,1,0,0,0.27,35,63,61
719,1,7/7/2025,16:30,16:30,First,None,Them,Mirage,T,7,4,7,4,4,4,1407,61,27,Win,14153,2,,,,,,,2,0,1,,,,
720,1,7/7/2025,18:47,18:47,Second,None,,Ancient,CT,2,3,7,6,2,10,1263,63,12,Loss,14521,4,,,,,,,3,1,0,,,,
721,1,7/7/2025,19:21,19:21,Second,None,Neither,Dust II,CT,6,7,3,7,2,6,1094,57,38,Win,14261,4,,,,,,,4,0,1,,,,
722,1,7/7/2025,19:57,19:57,Second,None,,Ancient,CT,,,,,,,919,41,11,Win,14633,5,,,,,,,5,0,2,,,,
723,1,7/7/2025,20:36,20:36,Second,None,Us,Mirage,CT,12,2,10,5,1,11,1706,56,41,Loss,14971,5,,,,,,,6,1,0,,,,
724,1,7/8/2025,23:18,23:18,Second,None,Them,Ancient,T,8,2,9,3,2,6,1341,67,27,Loss,14537,2,,,,,,,1,2,0,,,,
725,1,7/8/2025,23:50,23:50,First,None,Them,Mirage,T,11,5,9,10,3,5,2236,97,42,Win,14192,2,,,,,,,2,0,1,,,,
726,1,7/9/2025,21:15,21:15,First,None,,Nuke,T,,,,,,,1128,56,25,Loss,14562,3,,,,,,,1,1,0,,,,
727,1,7/15/2025,20:45,20:45,First,None,Neither,Ancient,T,10,7,6,2,2,2,1299,76,41,Win,Unrated,5,,,,,,,1,0,1,5,43,33,56
728,1,7/15/2025,21:17,21:17,Second,None,Neither,Overpass,CT,0,2,2,10,0,5,1029,68,40,Win,Unrated,5,,,,,,,2,0,2,,,,
729,1,7/17/2025,19:26,19:26,First,None,,Dust II,T,6,5,7,4,3,4,1064,50,30,Win,Unrated,5,,,,,,,1,0,3,,,,
730,1,7/17/2025,20:02,20:02,First,None,Them,Mirage,T,5,3,11,2,5,4,1137,71,85,Loss,Unrated,4,,,,,BC,,2,1,0,,,,
731,1,7/17/2025,20:32,20:32,Second,None,Them,Overpass,CT,2,2,5,6,3,8,1062,62,25,Loss,Unrated,5,,,,,,,3,2,0,,,,
732,1,7/17/2025,21:05,21:05,First,None,,Ancient,T,5,2,10,3,5,5,1155,50,25,Win,Unrated,5,,,,,,,4,0,1,,,,
733,1,7/17/2025,21:47,21:47,Second,None,,Mirage,CT,5,4,9,8,4,5,1468,63,46,Win,Unrated,4,,,,,,,5,0,2,,,,
734,1,7/19/2025,18:14,18:14,First,None,Them,Mirage,T,5,1,10,1,5,7,968,46,16,Loss,Unrated,5,,,,,,,1,1,0,,,,
735,1,7/19/2025,18:49,18:49,Second,None,Them,Mirage,CT,2,0,4,4,1,10,682,40,0,Loss,Unrated,5,,,,,,,2,2,0,,,,
736,1,7/19/2025,19:17,19:17,Second,None,,Train,CT,1,3,3,5,2,10,1022,68,66,Loss,Unrated,5,,,,,,,3,3,0,,,,
737,1,7/20/2025,19:05,19:05,Second,None,,Dust II,CT,,,,,,,1122,58,30,Loss,Unrated,5,,,,,,,1,4,0,,,,
738,1,7/20/2025,20:56,20:56,First,None,Us,Ancient,T,7,4,5,5,2,4,1317,69,33,Win,Unrated,5,,,,,,,2,0,1,,,,
739,1,7/22/2025,18:38,18:38,Second,None,,Train,CT,8,4,7,4,4,7,1383,65,33,Win,Unrated,1,1,,17422,17080,,76.2,1,0,2,-3.89,29,72,75
740,1,7/22/2025,19:34,19:34,First,AimLabs,Them,Overpass,T,11,2,9,10,3,6,1800,75,33,Win,Unrated,1,1.39,17622,15783,16366,,87.5,2,0,3,-1.02,51,72,52
741,1,7/22/2025,20:29,20:29,First,Deathmatch,Them,Mirage,T,8,4,7,5,0,10,1297,54,30,Win,Unrated,1,,,,,,,3,0,4,,,,
742,1,7/27/2025,20:31,20:31,First,None,Them,Nuke,T,4,1,8,9,0,7,1361,59,46,Loss,Unrated,4,,,,,,,1,1,0,,,,
743,1,7/27/2025,21:09,21:09,First,None,,Mirage,T,8,2,8,11,2,6,1827,76,47,Loss,Unrated,4,,,,,,,2,2,0,,,,
744,1,7/29/2025,20:59,20:59,Second,Deathmatch,Us,Dust II,T,4,6,11,1,2,7,1099,52,80,Loss,Unrated,1,,,,,,,1,3,0,,,,
745,2,7/29/2025,21:45,21:45,Second,None,Them,Overpass,CT,,,,13,2,7,,,,Loss,Unrated,2,,,,,,,2,4,0,,,,
746,2,7/29/2025,22:27,22:27,,None,Them,Nuke,CT,,,,,,,1637,86,18,Win,Unrated,2,,,,,,,3,0,1,,,,
747,2,7/29/2025,,,,,,,,,,,,,,789,52,25,Loss,Unrated,2,,,,,,,4,1,0,,,,
748,2,7/29/2025,23:26,23:26,First,None,Them,Inferno,T,,,,,,,2205,110,42,Loss,Unrated,2,,,,,,,5,2,0,,,,
749,2,7/30/2025,0:03,0:03,Second,None,Us,Mirage,CT,8,2,6,7,5,7,1903,95,46,Win,Unrated,2,,,,,,,1,0,1,,,,
750,1,7/30/2025,21:06,21:06,First,Deathmatch,Them,Inferno,T,12,0,3,5,0,5,1581,83,41,Win,Unrated,1,,,,,,,2,0,2,3.57,36,92,52
751,1,7/30/2025,21:55,21:55,First,None,Them,Dust II,T,9,0,8,8,1,4,1625,81,64,Win,16708,1,,,,,,,3,0,3,4.89,37,76,46
752,1,8/1/2025,20:04,20:04,First,None,Us,Overpass,T,8,2,11,2,1,4,896,47,50,Loss,17185,3,,,,,,,1,1,0,,,,
753,1,8/2/2025,19:43,19:43,First,None,Neither,Ancient,T,5,3,11,5,1,4,1076,56,30,Loss,17062,5,,,,,,,1,2,0,,,,
754,1,8/2/2025,20:16,20:16,Second,None,Them,Nuke,CT,8,1,2,7,2,6,1421,78,46,Win,,5,,,,,,,2,0,1,-6.19,19,69,12
755,1,8/2/2025,20:54,20:54,First,None,Us,Nuke,T,3,1,12,3,1,5,861,45,33,Loss,17362,3,,,,,TML,,3,1,0,4.81,40,66,4
756,1,8/2/2025,21:33,21:33,Second,None,,Mirage,CT,6,1,11,13,4,9,1920,64,42,Loss,17257,3,,,,,,,4,2,0,,,,
757,1,8/4/2025,21:00,21:00,Second,Deathmatch,Us,Mirage,CT,7,2,6,8,4,10,1747,91,20,Loss,17151,1,,,,,,,1,3,0,,,,
758,1,8/4/2025,21:41,21:41,First,Deathmatch,,Nuke,CT,4,1,11,10,3,6,1465,63,14,Loss,16905,1,,,,,,,2,4,0,-4.11,33,59,29
759,1,8/4/2025,22:35,22:35,First,AimLabs,Us,Inferno,CT,8,1,6,6,2,9,1414,64,28,Loss,16524,1,,,,,,,3,5,0,-4.23,38,55,35
760,1,8/4/2025,23:23,23:23,First,None,Us,Mirage,T,7,4,5,5,2,7,1656,72,38,Win,16170,1,,,,,,,4,0,1,,,,
761,1,8/6/2025,18:19,18:19,Second,None,Them,Nuke,CT,5,0,6,8,7,7,1505,75,38,Win,16512,4,,,,,,,1,0,2,,,,
762,1,8/6/2025,19:01,19:01,First,None,Us,Overpass,T,9,0,5,3,2,7,945,,,Win,16880,4,,,,,,,2,0,3,-2.93,26,83,13
763,1,8/6/2025,19:44,19:44,First,None,Neither,Ancient,T,4,3,10,8,4,7,1200,50,25,Loss,17248,4,,,,,,,3,1,0,-1.37,42,83,29
764,1,8/6/2025,20:29,20:29,First,None,Them,Mirage,T,12,1,7,8,3,8,2005,87,30,Win,16981,4,,,,,,,4,0,1,0.34,35,60,42
765,2,8/9/2025,23:24,23:24,Second,None,Them,Ancient,CT,9,3,14,13,3,10,2062,68,27,Tie,Unrated,5,,,,,,,1,0,0,,,,
766,2,8/10/2025,12:20,13:20,Second,None,Them,Inferno,CT,10,7,10,8,1,8,1622,70,50,Win,Unrated,5,,,,,,,1,0,1,,,,
767,1,8/17/2025,17:48,18:48,,None,,Mirage,T,7,5,9,11,5,9,1804,64,38,Win,17355,5,,,,,,,1,0,2,1.31,,,
768,1,8/17/2025,18:41,19:41,First,None,,Ancient,T,5,3,10,4,1,10,1196,49,44,Win,17709,5,,,,,,,2,0,3,,,,
769,1,8/17/2025,19:23,20:23,First,None,Us,Overpass,T,6,1,11,6,5,5,1424,64,41,Loss,18080,5,,,,,,,3,1,0,,,,
770,2,8/17/2025,21:29,22:29,First,None,Us,Mirage,CT,1,2,3,11,6,3,1418,88,41,Win,Unrated,2,,,,,,,4,0,1,,,,
771,2,8/17/2025,22:00,23:00,First,None,Us,Mirage,T,9,2,8,6,2,2,1636,102,53,Win,Unrated,2,,,,,,,5,0,2,,,,
772,2,8/17/2025,22:27,23:27,First,None,Us,Nuke,CT,3,1,6,6,2,9,968,50,33,Loss,Unrated,5,,,,,,,6,1,0,,,,
773,2,8/17/2025,23:05,0:05,First,None,Neither,Dust II,T,,,,,,,1927,101,42,Loss,Unrated,5,,,,,,,7,2,0,,,,
774,1,8/18/2025,19:01,20:01,First,None,,Mirage,CT,4,0,4,3,3,10,945,59,57,Loss,17899,5,,,,,,,1,3,0,,,,
775,1,8/18/2025,19:30,20:30,First,None,Neither,Ancient,T,4,0,5,3,3,9,852,40,28,Loss,17639,5,,,,,,,2,4,0,,,,
776,1,8/18/2025,20:10,21:10,Second,None,Them,Overpass,CT,2,1,5,10,1,7,1268,70,16,Win,17283,1,,,,,,,3,0,1,,,,
777,1,8/18/2025,20:48,21:48,First,None,,Dust II,T,8,4,9,4,0,1,1356,75,58,Win,17640,1,,,,,,,4,0,2,0.99,41,39,21
778,1,8/19/2025,18:46,19:46,Second,None,Us,Mirage,T,8,4,8,6,2,6,1565,65,42,Win,18004,5,,,,,,,1,0,3,,,,
779,1,8/19/2025,19:33,20:33,First,None,Them,Inferno,T,11,3,7,6,2,12,1972,70,41,Loss,18355,5,,,,,,,2,1,0,,,,
780,1,8/20/2025,18:02:00,19:02,First,Deathmatch,Them,Nuke,CT,5,6,10,6,4,8,1729,72,45,Win,18115,1,0.85,17781,17674,17702,,70.8,1,0,1,-6.16,40,36,66
781,1,8/20/2025,20:02,21:02,Second,None,Neither,Overpass,CT,3,4,10,8,4,7,1709,74,45,Loss,18470,1,0.96,19328,18197,18694,,82.6,2,1,0,,,,
782,1,8/20/2025,20:37,21:37,Second,None,Us,Mirage,T,8,0,9,7,2,6,,73,33,Loss,18057,1,1,17821,17432,17599,,60,3,2,0,-0.75,15,54,48
783,1,8/20/2025,21:19,22:19,Second,None,Us,Train,CT,4,10,7,5,2,9,1199,54,44,Win,17670,1,,,,,,,4,0,1,-1.4,21,56,88
784,1,8/21/2025,20:43,21:43,First,None,Them,Dust II,T,5,4,9,10,1,6,1770,84,20,Loss,18020,1,,,,,,,1,1,0,1.85,11,58,34
785,1,8/21/2025,21:23,22:23,First,Deathmatch,Them,Nuke,T,4,3,8,1,2,3,1088,60,0,Loss,17644,1,,,,,,,2,2,0,,,,
786,1,8/21/2025,22:03,23:03,First,None,Them,Inferno,T,,,,,,,1247,51,12,Loss,17282,1,,,,,,,3,3,0,,,,
787,1,8/22/2025,18:50,19:50,Second,None,Us,Nuke,CT,3,5,8,4,1,9,1061,50,42,Loss,16925,1,,,,,,,1,4,0,,,,
788,1,8/22/2025,22:10,23:10,Second,None,Us,Train,T,9,2,7,4,2,4,1299,72,23,Win,16497,1,,,,,,,2,0,1,,,,
789,1,8/22/2025,22:52,23:52,First,Deathmatch,Us,Inferno,T,12,2,6,11,2,7,1950,84,43,Win,16851,1,,,,,,,3,0,2,5.34,49,75,29
790,1,8/25/2025,21:21,22:21,First,None,Them,Ancient,CT,6,3,6,3,2,9,876,39,66,Loss,17191,1,,,,,,,1,1,0,-3.38,19,63,42
791,1,8/25/2025,22:11,23:11,Second,Deathmatch,,Nuke,CT,5,0,7,6,6,9,1419,67,27,Loss,16800,1,,,,,,,2,2,0,,,,
792,1,8/26/2025,19:23,20:23,Second,None,Them,Inferno,CT,,,,,,,835,39,12,Loss,16488,1,,,,,,,1,3,0,,,,
793,1,8/27/2025,19:45,20:45,Second,None,Them,Dust II,CT,4,3,3,14,3,5,1603,89,27,Win,16138,4,,,,,,,1,0,1,4.73,34,48,36
794,1,8/27/2025,20:16,21:16,Second,None,,Inferno,CT,7,2,6,7,2,7,1688,76,35,Win,16505,4,,,,,,,2,0,2,-4.33,19,51,32
795,1,8/28/2025,18:07,19:07,Second,None,Them,Mirage,CT,4,1,5,3,2,8,887,49,14,Loss,16847,5,,,,,,,1,1,0,-4.87,31,45,60
796,1,8/31/2025,19:33,20:33,First,None,,Mirage,T,6,3,8,3,1,8,1077,53,66,Loss,16596,5,,,,,,,1,2,0,,,,
797,1,9/1/2025,0:20,1:20,First,None,Them,Mirage,T,7,1,7,4,3,6,1356,56,45,Win,16228,3,,,,,TML,,1,0,1,-0.54,20,63,44
798,2,9/1/2025,1:05,2:05,First,None,Them,Nuke,T,5,3,10,10,5,7,1644,71,40,Win,Unrated,3,,,,,,,2,0,2,-6.47,14,62,41
799,2,9/1/2025,1:51,2:51,First,None,Them,Ancient,T,1,0,4,10,2,8,1313,77,36,Loss,Unrated,3,,,,,,,3,1,0,2.8,25,68,36
800,1,9/1/2025,18:05,19:05,Second,None,Them,Ancient,CT,5,2,9,3,3,11,1098,49,50,Loss,16597,4,,,,,,,4,2,0,,,,
801,1,9/1/2025,18:49,19:49,Second,None,Neither,Dust II,CT,1,4,6,2,2,10,746,32,0,Loss,16249,5,,,,,,,5,3,0,,,,
802,2,9/1/2025,20:11,21:11,First,None,Them,Dust II,CT,21,4,11,23,0,8,4054,135,38,Win,Unrated,5,,,,,,,6,0,1,9.41,50,62,32
803,2,9/1/2025,21:11,22:11,Second,None,Them,Inferno,CT,8,1,7,10,3,7,1993,86,33,Loss,Unrated,5,,,,,,,7,1,0,,,,
804,1,9/2/2025,19:05,20:05,Second,None,Us,Dust II,CT,7,7,10,22,5,6,3297,117,27,Win,15956,1,,,,,,,1,0,1,2.92,27,66,37
805,1,9/2/2025,20:06,21:06,Second,Deathmatch,Them,Mirage,CT,12,8,11,7,3,7,2142,76,42,Win,16324,1,,,,,,,2,0,2,1.59,19,66,36
806,1,9/2/2025,21:12,22:12,First,,Us,Ancient,T,11,5,6,6,1,3,1634,96,29,Win,16698,1,,,,,,,3,0,3,0.14,27,67,48
807,1,9/3/2025,19:11,20:11,Second,AimLabs,Them,Dust II,CT,5,1,4,8,2,7,1216,67,53,Win,17070,1,,,,,,,1,0,4,4.8,50,42,29
808,1,9/6/2025,22:04,23:04,Second,None,Them,Inferno,CT,,,,,,,1578,75,41,Win,17439,2,,,,,,,1,0,5,,,,
809,1,9/8/2025,18:48,19:48,Second,AimLabs,Us,Ancient,CT,4,1,3,9,0,10,972,51,38,Loss,17808,1,,,,,,,1,1,0,-0.39,26,83,37
810,1,9/8/2025,19:31,20:31,First,Deathmatch,Neither,Mirage,T,11,1,7,5,2,3,1405,70,37,Win,17516,1,,,,,,,2,0,1,,,,
811,1,9/9/2025,18:44,19:44,First,None,Us,Train,T,7,4,11,3,6,9,1493,67,50,Loss,17864,1,,,,,,,1,1,0,,,,
812,1,9/9/2025,19:25,20:25,First,None,Neither,Ancient,T,9,5,8,6,2,1,1832,107,46,Win,17492,1,,,,,,,2,0,1,,,,
813,1,9/10/2025,18:51,19:51,First,AimLabs,Us,Dust II,T,8,6,10,8,2,7,1797,61,31,Win,17851,1,,,,,,,1,0,2,,,,
814,1,9/11/2025,19:37,20:37,First,None,Us,Nuke,T,9,1,5,3,1,1,1276,79,50,Win,18225,2,,,,,,,1,0,3,3.91,34,84,34
815,1,9/11/2025,20:07,21:07,First,None,Us,Nuke,CT,,,,,,,1047,47,45,Win,18515,3,,,,,,,2,0,4,,,,
816,2,9/13/2025,19:15,20:15,First,None,Us,Dust II,T,,,,,,,2478,123,52,Win,Unrated,3,,,,,TML,,1,0,5,,,,
817,2,9/13/2025,19:55,20:55,Second,None,Us,Overpass,CT,6,0,7,12,0,4,1256,62,33,Loss,Unrated,3,,,,,,,2,1,0,,,,
818,2,9/13/2025,20:33,21:33,Second,None,Us,Inferno,CT,,,,,,,2665,111,32,Win,Unrated,3,,,,,,,3,0,1,,,,
819,2,9/13/2025,21:18,22:18,First,None,Them,Train,CT,,,,,,,3335,111,39,Tie,Unrated,5,,,,,,,4,0,0,,,,
820,2,9/13/2025,22:16,23:16,First,None,Them,Mirage,CT,10,4,10,10,2,11,2379,79,,Tie,Unrated,3,,,,,,,5,0,0,,,,
821,1,9/15/2025,18:30,19:30,First,Deathmatch,Neither,Mirage,T,2,3,8,4,3,8,1036,43,33,Loss,18869,1,,,,,,,1,1,0,-8.26,19,70,35
822,1,9/15/2025,20:20,21:20,First,AimLabs,Us,Nuke,T,4,2,9,0,0,0,,,,Loss,18480,1,,,,,TML,,2,2,0,,,,
823,1,9/15/2025,20:49,21:49,First,AimLabs,Us,Ancient,T,16,1,8,1,1,7,1748,87,35,Loss,18137,1,,,,,,,3,3,0,,,,
824,1,9/15/2025,21:23,22:23,Second,None,Them,Overpass,CT,2,5,8,5,2,7,1119,48,28,Win,17829,1,,,,,EML,,4,0,1,-2.9,23,49,43
825,1,9/16/2025,19:35,20:35,Second,Deathmatch,Us,Mirage,CT,8,0,3,9,1,6,1298,64,35,Win,18201,1,,,,,,,1,0,2,-0.46,39,77,41
826,1,9/17/2025,18:44,19:44,Second,Deathmatch,Them,Overpass,CT,4,2,10,5,4,9,1623,54,25,Tie,18574,1,,,,,,,1,0,0,,,,
827,1,9/18/2025,19:40,20:40,First,AimLabs,Us,Train,T,6,2,10,5,6,8,1367,56,18,Loss,18631,1,,,,,,,1,1,0,-1.05,41,63,55
828,2,9/18/2025,20:33,21:33,First,None,Them,Inferno,T,9,3,9,13,2,6,2426,105,31,Win,Unrated,4,,,,,,,2,0,1,4.83,41,71,32
829,2,9/18/2025,21:21,22:21,First,None,Them,Mirage,CT,,,,,,,769,51,0,Loss,8714,5,,,,,TML,,3,1,0,,,,
830,2,9/18/2025,22:07,23:07,First,None,Us,Inferno,T,10,3,10,10,1,9,2462,82,45,Loss,8606,4,,,,,,,4,2,0,-1.93,25,81,34
831,1,9/20/2025,20:32,21:32,First,None,Them,Ancient,T,9,2,7,4,2,7,1141,49,46,Loss,18274,4,,,,,,,1,3,0,-4.17,46,79,46
832,1,9/20/2025,21:08,22:08,Second,None,Us,Dust II,T,10,4,7,6,3,10,1743,58,56,Win,17962,5,,,,,,,2,0,1,2.37,27,52,50
833,1,9/21/2025,18:18,19:18,First,AimLabs,Them,Mirage,T,4,2,10,10,1,7,1514,63,35,Win,18312,1,,,,,,,1,0,2,0.42,25,48,42
834,1,9/21/2025,19:04,20:04,First,None,Us,Inferno,CT,0,1,5,7,4,8,926,54,28,Win,18668,1,,,,,,,2,0,3,,,,
835,1,9/22/2025,18:58,19:58,Second,Deathmatch,Neither,Train,CT,1,1,5,3,3,10,643,37,50,Loss,19018,1,,,,,,,1,1,0,-7.38,11,51,57
836,1,9/22/2025,19:37,20:37,First,Deathmatch,Us,Overpass,T,11,3,9,6,0,1,1675,88,47,Win,18736,1,,,,,,,2,0,1,,,,
837,1,9/22/2025,20:15,21:15,First,None,Them,Ancient,T,7,2,10,9,1,5,1648,68,37,Loss,19094,2,,,,,,,3,1,0,-2.18,26,64,27
838,1,9/24/2025,18:51,19:51,Second,AimLabs,Us,Train,CT,2,4,7,10,1,9,1178,56,33,Loss,18587,1,,,,,TML,,1,2,0,-2,44,61,68
839,1,9/24/2025,19:27,20:27,First,None,Us,Mirage,T,6,0,5,3,2,5,842,40,22,Win,18221,1,,,,,,,2,0,1,-0.22,37,61,17
840,1,9/25/2025,18:46,19:46,First,Deathmatch,Them,Ancient,T,9,2,7,5,1,7,1239,59,21,Win,18588,1,,,,,TML,,1,0,2,0.97,42,87,40
841,1,9/25/2025,19:43,20:43,First,None,Us,Mirage,T,9,3,10,11,1,10,1875,62,30,Tie,18947,1,0.99,19245,19535,19389,,66.7,2,0,0,,,,
842,2,9/26/2025,21:38,22:38,Second,None,Us,Dust II,CT,,,,,,,1841,92,36,Loss,8504,5,,,,,,,1,1,0,,,,
843,2,9/26/2025,22:14,23:14,First,None,Us,Mirage,T,,,,,,,1608,76,13,Loss,8392,5,,,,,,,2,2,0,,,,
844,1,9/28/2025,20:21,21:21,First,Deathmatch,Us,Ancient,T,7,2,4,4,2,10,1102,50,18,Loss,19000,1,,,,,,63.6,1,3,0,-2.98,23,73,43
845,1,9/28/2025,21:14,22:14,Second,Deathmatch,Them,Mirage,CT,2,3,6,19,3,7,2204,116,47,Loss,18606,1,0.79,19012,16551,18389,TML,,2,4,0,3.81,22,67,39
846,1,9/28/2025,22:01,23:01,First,Deathmatch,Us,Nuke,T,8,2,9,9,2,6,1834,76,52,Loss,18185,1,1.14,17602,17199,17467,,75,3,5,0,-3.23,24,74,31
847,1,9/29/2025,19:51,20:51,First,Deathmatch,Us,Dust II,T,8,4,8,7,1,6,1791,81,46,Loss,17813,1,,,,,,,1,6,0,,,,
848,1,10/1/2025,19:45,20:45,First,AimLabs,Us,Ancient,T,,,,,,,1464,69,22,Win,17506,1,0.91,16598,15901,16283,,71.4,1,0,1,-2.56,13,62,56
849,1,10/1/2025,20:44,21:44,First,None,Us,Nuke,T,5,2,9,5,1,5,1117,58,20,Loss,17829,1,0.83,17731,16869,17321,,68.4,2,1,0,,,,
850,1,10/2/2025,20:14,21:14,Second,None,Them,Nuke,CT,,,,,,,1566,68,40,Loss,17423,1,,,,,,,1,2,0,-3.53,23,54,32
851,1,10/2/2025,20:57,21:57,Second,None,Neither,Dust II,CT,11,9,9,9,4,8,2016,67,35,Win,17052,1,,,,,,,2,0,1,,,,
852,1,10/4/2025,18:15,19:15,Second,AimLabs,Them,Mirage,CT,9,3,7,8,3,9,1973,98,35,Loss,17402,1,,,,,,,1,1,0,4.57,48,63,51
853,1,10/4/2025,18:58,19:58,First,AimLabs,Us,Train,T,5,3,8,4,2,3,1125,56,33,Win,17076,1,,,,,,,2,0,1,-2.02,27,41,40
854,1,10/4/2025,19:34,20:34,Second,None,Us,Mirage,CT,6,5,9,5,5,9,1527,66,33,Win,17431,1,0.82,17705,16750,16725,,69.6,3,0,2,-3.98,28,48,55
855,2,10/5/2025,0:29,1:29,First,None,Us,Inferno,T,12,0,8,6,4,7,1747,79,38,Win,8273,3,,,,,,,1,0,3,,,,
856,2,10/5/2025,1:08,2:08,First,None,Us,Mirage,T,13,4,5,7,0,8,2112,91,35,Win,8625,3,,,,,,,2,0,4,,,,
857,1,10/6/2025,21:12,22:12,Second,AimLabs,Them,Dust II,CT,5,2,6,7,6,5,1509,68,50,Win,17791,1,1.03,,,,,68.2,1,0,5,-0.17,30,32,42
858,1,10/7/2025,18:09,19:09,First,None,Us,Mirage,T,4,4,10,4,0,6,806,40,25,Loss,18147,1,0.57,,,,,60,1,1,0,-1.43,32,43,41
859,1,10/7/2025,18:57,19:57,Second,AimLabs,Them,Overpass,CT,5,0,4,9,2,10,1653,82,35,Loss,17854,1,1.12,,,,,75,2,2,0,-3.49,33,75,33
860,1,10/7/2025,19:38,20:38,First,None,Neither,Nuke,T,4,0,10,4,2,6,1153,52,50,Loss,17494,1,0.6,,,,,59.1,3,3,0,-2.69,18,74,50
861,1,10/7/2025,20:31,21:31,Second,Deathmatch,Them,Nuke,CT,10,4,7,6,1,7,1741,79,43,Win,17062,1,1.17,,,,,72.7,4,0,1,2.45,31,71,33
862,1,10/8/2025,20:07,21:07,First,AimLabs,Us,Mirage,T,7,2,5,4,5,2,1114,58,27,Win,17356,1,1.07,,,,,73.7,1,0,2,3.05,36,73,36
863,1,10/12/2025,20:36,21:36,First,None,Us,Mirage,T,4,0,7,7,4,7,1215,50,36,Win,17705,3,0.82,,,,,66.7,1,0,3,-2.68,28,65,41
864,1,10/12/2025,21:29,22:29,Second,None,,Overpass,CT,9,3,10,12,3,8,2323,77,42,Loss,18064,3,1.18,,,,,76.7,2,1,0,0.77,37,50,22
865,1,10/12/2025,22:29,23:29,Second,None,Them,Overpass,T,12,6,7,3,2,5,1560,74,40,Win,17725,3,1.17,,,,,71.4,3,0,1,5.54,54,65,39
866,1,10/15/2025,19:21,20:21,First,Deathmatch,Us,Mirage,T,3,4,11,2,3,6,866,43,60,Loss,18082,1,0.43,,,,,60,1,1,0,-5.1,28,63,66
867,1,10/15/2025,20:12,21:12,Second,AimLabs,Us,Overpass,CT,5,1,3,13,0,3,1459,85,50,Win,17717,1,1.72,,,,,88.2,2,0,1,,,,
868,1,10/16/2025,18:43,19:43,First,None,Us,Ancient,T,2,4,10,3,1,1,723,40,40,Win,17819,5,0.62,,,,,66.7,1,0,2,-3.87,21,54,15
869,1,10/16/2025,19:20,20:20,First,None,Them,Dust II,T,,,,,,,1131,59,71,Loss,18126,5,0.55,,,,,52.6,2,1,0,-5.05,36,58,41
870,1,10/16/2025,20:04,21:04,Second,AimLabs,Us,Inferno,CT,3,0,5,5,1,7,748,39,75,Win,17837,1,0.69,,,,,63.2,3,0,1,,,,
871,1,10/17/2025,22:04,23:04,First,None,Us,Inferno,T,5,2,9,4,2,7,1117,50,44,Win,18196,4,0.74,,,,,72.7,1,0,2,-5.92,35,72,31
872,1,10/17/2025,23:02,0:02,First,None,Us,Mirage,T,6,3,10,6,2,8,1638,68,50,Win,18542,4,0.76,,,,,58.3,2,0,3,-3.04,30,61,42
873,1,10/17/2025,23:59,0:59,Second,None,Us,Mirage,CT,6,1,3,6,1,7,1110,55,41,Loss,18893,5,1.05,,,,,75,3,1,0,-3.16,25,53,21
874,1,10/18/2025,22:36,23:36,First,None,Us,Inferno,T,6,4,11,10,3,8,1661,72,37,Loss,18586,5,1.03,,,,,73.9,1,2,0,-1.39,42,72,33
875,1,10/18/2025,23:29,0:29,First,None,Them,Nuke,T,,,,,,,1784,84,31,Win,18252,3,1.13,,,,,61.9,2,0,1,5.22,24,78,24
876,1,10/19/2025,0:14,1:14,Second,None,Neither,Nuke,CT,5,2,4,5,0,10,1194,62,30,Loss,18522,4,0.76,,,,BC,57.9,1,1,0,,,,
877,1,10/21/2025,19:27,20:27,Second,AimLabs,Us,Ancient,CT,5,3,7,6,2,4,1368,59,45,Win,18154,1,0.93,,,,,69.6,1,0,1,-1.76,21,52,37
878,1,11/1/2025,18:43,19:43,First,None,Us,Dust II,T,4,5,11,8,1,8,1400,58,50,Loss,18474,1,0.84,,,,,75,1,1,0,-6.57,25,50,58
879,1,11/1/2025,19:38,20:38,First,AimLabs,Us,Nuke,T,15,2,9,2,0,4,1522,69,29,Win,18119,1,1.18,,,,,72.7,2,0,1,0.92,24,78,58
880,1,11/2/2025,17:13,18:13,First,None,Neither,Ancient,T,6,1,9,8,2,9,1629,70,35,Loss,18306,1,0.92,,,,,69.6,1,1,0,-5.31,28,82,47
881,1,11/2/2025,18:15,19:15,Second,AimLabs,Us,Ancient,CT,,,,,,,1579,68,30,Loss,17957,1,1,,,,,82.6,2,2,0,-1.99,48,55,36
882,1,11/2/2025,21:22,22:22,First,Deathmatch,Us,Dust II,CT,10,3,9,6,1,7,1785,85,37,Loss,17594,1,1.17,,,,,76.2,3,3,0,-1.86,30,66,40
883,1,11/2/2025,22:05,23:05,First,Deathmatch,Us,Dust II,T,8,4,7,0,1,6,1323,63,27,Win,17183,1,0.81,,,,,71.4,4,0,1,,,,
884,1,11/3/2025,18:32,19:32,Second,None,Them,Nuke,CT,10,2,9,5,1,7,1795,89,26,Loss,17511,2,,,,,,,1,1,0,-2.77,,,
885,1,11/3/2025,19:06,20:06,First,None,,Inferno,T,6,0,7,2,0,6,652,32,37,Loss,17131,2,0.53,,,,,50,2,2,0,-7.19,36,52,48
886,1,11/3/2025,20:30,21:30,First,Deathmatch,,Nuke,T,8,5,10,6,3,6,1709,71,42,Win,16759,1,1.05,,,,EL,79.2,3,0,1,0.24,27,60,36
887,1,11/4/2025,18:45,19:45,First,None,Us,Mirage,T,7,1,9,11,5,4,1700,70,33,Win,17125,1,1.22,,,,,75,1,0,2,1.41,28,68,52
888,1,11/4/2025,19:25,20:25,First,Deathmatch,Us,Dust II,T,12,3,11,13,5,12,2439,84,52,Loss,17290,1,1.18,,,,,69,2,1,0,3.8,26,54,61
889,1,11/4/2025,20:45,21:45,First,AimLabs,Neither,Nuke,T,,,,,,,1494,71,54,Loss,16866,1,0.84,,,,,66.7,3,2,0,-3.64,,70,13
890,1,11/4/2025,21:22,22:22,First,None,Them,Mirage,T,7,1,10,8,0,8,1845,80,53,Loss,16499,1,0.95,,,,,65.2,4,3,0,-2.07,,58,60
891,1,11/5/2025,19:08,20:08,First,None,Us,Overpass,T,9,5,7,9,1,4,1940,97,55,Win,16104,1,1.43,,,,,75,1,0,1,5.84,34,87,43
892,1,11/6/2025,20:35,21:35,First,Deathmatch,Us,Ancient,T,,,,,,,1439,47,6,Tie,16456,1,0.87,,,,,70,1,0,0,-1.97,33,66,54
893,1,11/6/2025,21:26,22:26,Second,None,Us,Nuke,CT,3,0,4,11,6,5,1444,80,42,Win,16400,1,1.29,,,,TML,72.2,2,0,1,6.39,27,83,51
894,1,11/9/2025,19:50,20:50,First,None,Them,Dust II,T,0,1,9,4,2,6,659,28,75,Loss,16750,5,0.42,,,,,60.9,1,1,0,-3.47,23,56,56
895,1,11/9/2025,20:43,21:43,First,None,,Inferno,T,7,4,10,2,1,5,1157,50,11,Loss,16454,5,0.67,,,,,65.2,2,2,0,-7.88,33,56,49
896,1,11/9/2025,21:37,22:37,Second,Deathmatch,Them,Ancient,CT,8,2,8,10,2,6,1684,70,33,Win,16147,4,1.19,,,,,75,3,0,1,-1.64,44,85,74
897,1,11/10/2025,18:46,19:46,First,AimLabs,,Mirage,T,8,4,9,3,1,7,1188,54,72,Loss,16492,1,0.77,,,,,63.6,1,1,0,-1.83,39,78,63
898,1,11/10/2025,19:41,20:41,First,Deathmatch,Us,Train,T,4,3,10,5,2,8,1183,49,33,Win,16032,1,0.65,,,,,66.7,2,0,1,,,,
899,1,11/11/2025,20:38,21:38,First,Deathmatch,Them,Ancient,T,16,3,6,5,5,12,2036,72,52,Win,16374,1,,,,,,,1,0,2,-1.35,,76,76
900,1,11/13/2025,19:09,20:09,Second,None,Us,Mirage,CT,5,3,7,3,5,6,1059,48,37,Win,16585,5,,,,,,,1,0,3,,,,
901,1,11/15/2025,20:06,21:06,Second,Deathmatch,Them,Mirage,CT,8,5,4,10,1,7,2091,90,44,Win,16926,1,,,,,,,1,0,4,,,,
902,1,11/17/2025,18:00,19:00,Second,None,Us,Inferno,CT,1,1,3,5,0,6,566,31,33,Win,17234,1,,,,,,,1,0,5,,,,
903,1,11/18/2025,20:02,21:02,Second,None,Us,Train,CT,9,2,11,10,5,6,2127,73,52,Win,17856,4,,,,,,,1,0,6,0.17,43,69,85
904,2,11/22/2025,19:35,20:35,First,AimLabs,Us,Ancient,T,9,5,5,3,0,0,1452,103,83,Win,Unrated,1,,,,,,,1,0,7,6.28,23,82,93
905,1,11/25/2025,20:25,21:25,Second,None,Them,Overpass,CT,9,2,7,9,2,7,1809,78,50,Win,17921,1,,,,,,,1,0,8,1.69,37,59,78
906,1,11/29/2025,20:34,21:34,Second,None,Them,Dust II,CT,,,,,,,1775,88,46,Win,18294,4,,,,,,,1,0,9,2.84,20,83,56
907,1,11/29/2025,21:13,22:13,First,None,Them,Ancient,T,4,3,12,4,0,4,783,43,37,Loss,18668,4,,,,,,,2,1,0,-6.04,33,41,54
908,1,11/29/2025,21:49,22:49,Second,None,,Dust II,CT,8,0,8,13,3,6,2041,92,28,Loss,18401,4,,,,,,,3,2,0,,,,
909,1,11/29/2025,22:32,23:32,Second,Deathmatch,Them,Mirage,CT,1,3,5,8,5,7,1313,72,33,Win,18003,1,,,,,,,4,0,1,-2.36,41,56,64
910,1,11/30/2025,18:38,19:38,First,None,Them,Ancient,T,5,5,12,7,3,9,1595,55,8,Win,18263,5,,,,,,,1,0,2,-1.52,30,43,64
911,1,11/30/2025,19:30,20:30,Second,None,,Dust II,CT,7,2,12,6,1,11,1322,45,53,Loss,18626,5,,,,,,,2,1,0,-7.54,42,48,39
912,1,11/30/2025,20:34,21:34,Second,None,Us,Mirage,CT,1,0,2,4,5,10,643,45,60,Loss,18357,2,,,,,,,3,2,0,,,,
913,1,11/30/2025,20:59,21:59,First,None,,Nuke,T,11,4,9,11,2,8,2192,99,36,Win,17879,2,,,,,,,4,0,1,2.93,46,64,11
914,1,12/1/2025,22:04,23:04,Second,Deathmatch,Them,Mirage,T,1,5,10,4,0,7,806,40,40,Loss,18248,1,,,,,,,1,1,0,-5.95,14,45,55
915,1,12/1/2025,22:49,23:49,First,AimLabs,Them,Nuke,T,6,3,11,10,4,10,1825,60,37,Win,17856,1,,,,,,,2,0,1,-5.24,29,54,48
916,2,12/2/2025,19:25,20:25,First,None,Us,Dust II,T,5,2,7,3,2,3,932,46,25,Win,8609,2,,,,,,,1,0,2,-2.41,19,61,64
917,2,12/2/2025,19:55,20:55,First,None,Them,Train,T,12,5,7,4,2,7,1866,93,37,Loss,9114,2,,,,,,,2,1,0,,,,
918,2,12/2/2025,20:38,21:38,Second,None,Them,Inferno,CT,6,1,6,4,4,9,1062,46,30,Win,,2,,,,,,,3,0,1,,,,
919,1,12/3/2025,20:47,21:47,Second,None,Them,Dust II,CT,3,4,13,8,1,10,1240,41,36,Loss,18214,5,,,,,,,1,1,0,,,,
920,1,12/3/2025,21:38,22:38,Second,None,Us,Mirage,CT,2,0,0,6,5,8,977,61,37,Win,17869,5,,,,,,,2,0,1,,,,
921,1,12/4/2025,19:08,20:08,First,AimLabs,Us,Mirage,T,7,3,10,8,4,9,1698,70,40,Loss,18227,1,,,,,,,1,1,0,0.18,25,58,61
922,1,12/4/2025,20:18,21:18,Second,AimLabs,Us,Dust II,T,6,1,11,6,1,7,1243,54,33,Loss,17858,1,,,,,,,2,2,0,-3.1,28,64,60
923,1,12/4/2025,21:12,22:12,First,Deathmatch,Them,Inferno,T,11,1,8,1,1,5,1314,73,58,Loss,17575,1,,,,,,,3,3,0,-0.87,51,81,34
924,1,12/4/2025,22:13,23:13,First,Deathmatch,Neither,Ancient,T,8,3,7,7,2,9,1636,77,20,Loss,17121,1,,,,,,,4,4,0,,,,
925,1,12/9/2025,18:40,18:40,First,None,Neither,Mirage,T,2,2,8,3,0,1,470,26,60,Win,16742,3,,,,,,,1,0,1,,,,
926,1,12/9/2025,19:19,19:19,First,None,,Mirage,T,6,2,6,1,1,4,792,41,42,Win,17111,4,,,,,,,2,0,2,,,,
927,1,12/10/2025,0:03,0:03,Second,None,Them,Dust II,T,8,1,9,9,4,8,1603,69,50,Loss,17353,5,,,,,,,1,1,0,,,,
928,1,12/10/2025,18:48,18:48,Second,None,Them,Inferno,CT,11,1,8,6,1,8,1484,67,47,Loss,17083,1,,,,,,,2,2,0,,,,
929,1,12/12/2025,17:33,17:33,Second,None,Neither,Nuke,CT,8,3,8,4,0,4,1350,71,33,Win,16622,1,,,,,,,1,0,1,5.55,30,73,15
930,1,12/12/2025,18:20,18:20,First,None,Them,Overpass,T,13,1,9,2,2,4,1474,86,33,Loss,16933,1,,,,,,,2,1,0,-2.3,24,57,43
931,1,12/13/2025,21:42,21:42,First,None,Us,Overpass,T,7,2,10,3,0,1,1189,66,70,Win,16585,3,,,,,,,1,0,1,-2.76,39,47,35
932,1,12/13/2025,22:24,22:24,First,None,Them,Mirage,T,7,4,7,3,3,3,1078,59,50,Win,16886,5,,,,,,,2,0,2,3.32,22,64,35
933,1,12/13/2025,22:57,22:57,Second,None,,Dust II,CT,1,2,4,3,3,7,828,48,75,Win,17198,5,,,,,,,3,0,3,,,,
934,1,12/13/2025,23:28,23:28,Second,None,Them,Train,CT,0,0,0,2,5,5,508,39,100,Win,17566,5,,,,,EL,,4,0,4,-2.68,13,50,48
935,2,12/14/2025,20:16,20:16,Second,Deathmatch,Them,Nuke,CT,11,3,7,5,5,8,1691,76,43,Loss,9508,1,,,,,,,1,1,0,,,,
936,1,12/22/2025,19:37,19:37,Second,AimLabs,Us,Mirage,CT,6,1,11,8,1,9,1533,63,35,Win,17923,1,,,,,,,1,0,1,3.55,22,53,65
937,2,12/27/2025,0:08,0:08,Second,None,Us,Train,CT,4,3,7,11,1,8,1549,73,66,Loss,9386,5,,,,,,,1,1,0,2.81,16,41,72
938,2,12/27/2025,0:51,0:51,First,None,Us,Nuke,T,21,2,9,17,3,13,3517,117,42,Tie,9262,5,,,,,,,2,0,0,11.4,40,66,76
939,2,12/28/2025,0:18,0:18,First,None,,Mirage,T,12,1,9,16,3,7,3039,132,46,Loss,9324,5,,,,,,,1,1,0,7.91,33,82,47
940,2,12/28/2025,0:59,0:59,Second,None,Us,Ancient,CT,6,6,10,13,4,8,2462,111,57,Loss,9213,5,,,,,,,2,2,0,2.75,31,71,88
941,2,12/28/2025,1:40,1:40,Second,None,Neither,Nuke,CT,,,,,,,1390,77,45,Loss,8988,5,,,,,,,3,3,0,,,,
942,2,12/28/2025,2:13,2:13,First,None,Them,Inferno,T,6,4,10,13,5,4,2149,93,26,Win,8739,4,,,,,,,4,0,1,,,,
943,2,12/29/2025,23:56,23:56,First,None,Us,Nuke,T,,,,,,,1570,104,30,Win,9119,2,,,,,T,,1,0,2,,,,
944,2,12/30/2025,0:28,0:28,Second,None,,Inferno,,6,3,9,8,5,11,,,,Win,9489,4,,,,,,,1,0,3,,,,
945,2,12/30/2025,1:21,1:21,First,None,Neither,Nuke,T,,,,,,,1486,82,45,Loss,9843,5,,,,,,,2,1,0,,,,
946,2,12/30/2025,1:48,1:48,First,None,Them,Dust II,T,16,6,7,8,4,3,2825,148,8,Win,9573,5,,,,,,,3,0,1,,,,
947,1,12/30/2025,19:04,19:04,First,None,Them,Dust II,T,5,4,9,4,3,8,1294,53,33,Win,18282,4,,,,,,,4,0,2,,,,
948,1,1/4/2026,23:01,23:01,First,None,Them,Dust II,T,7,3,10,7,5,9,1879,78,21,Loss,18651,1,,,,,,,1,1,0,-2.34,36,44,60
949,1,1/4/2026,23:56,23:56,First,AimLabs,Us,Nuke,CT,8,4,4,2,4,10,1281,58,50,Win,18388,1,,,,,,,2,0,1,-2.34,36,44,60
950,1,1/5/2026,19:12,19:12,Second,None,Them,Nuke,CT,10,0,6,11,1,8,1737,75,19,Win,18602,1,,,,,,,1,0,2,,,,
951,1,1/6/2026,23:19,23:19,First,None,Us,Train,T,3,1,9,3,6,7,839,41,33,Win,18967,1,,,,,,,1,0,3,,,,
952,1,1/7/2026,18:04,18:04,Second,AimLabs,Them,Train,CT,7,5,9,8,6,6,2138,92,46,Win,19313,1,,,,,,,1,0,4,-2.62,23,59,49
953,1,1/7/2026,22:59,22:59,First,Deathmatch,Them,Mirage,T,,,,,,,1517,72,53,Loss,19554,1,,,,,,,2,1,0,,,,
954,1,1/7/2026,23:46,23:46,First,AimLabs,Them,Mirage,T,8,6,10,3,4,8,1814,75,36,Win,19185,1,,,,,,,3,0,1,-2.54,39,31,57
955,1,1/10/2026,19:16,19:16,First,AimLabs,Them,Overpass,T,5,2,9,3,1,9,1090,54,37,Loss,19527,1,,,,,,,1,1,0,,,,
956,1,1/10/2026,20:04,20:04,First,AimLabs,Us,Train,T,4,2,12,10,2,10,1557,51,21,Tie,19201,1,,,,,,,2,0,0,,,,
957,1,1/11/2026,20:17,20:17,First,Deathmatch,Us,Nuke,T,7,2,11,5,2,8,,67,58,Loss,19252,1,,,,,,,1,1,0,,,,
958,1,1/11/2026,20:58,20:58,Second,None,Us,Mirage,CT,1,1,4,6,1,9,891,55,28,Loss,18835,1,,,,,,,2,2,0,,,,
959,1,1/11/2026,21:31,21:31,First,Deathmatch,Neither,Ancient,T,8,2,11,3,6,9,1591,72,38,Loss,18501,1,,,,,,,3,3,0,,,,
960,1,1/12/2026,18:54,18:54,Second,Deathmatch,Them,Inferno,CT,,,,,,,1542,70,8,Loss,18145,1,,,,,,,1,4,0,,,,
961,1,1/12/2026,19:38,19:38,Second,Deathmatch,Us,Dust II,CT,2,1,8,7,2,5,1054,50,22,Loss,17798,1,,,,,,,2,5,0,-0.69,25,30,77
962,1,1/12/2026,20:25,20:25,First,None,Us,Nuke,CT,11,2,6,7,3,9,1617,67,11,Win,17331,1,,,,,,,3,0,1,,,,
963,1,1/13/2026,21:43,21:43,First,None,Us,Nuke,T,4,5,9,3,5,6,1546,70,57,Win,17583,2,,,,,,,1,0,2,,,,
964,1,1/14/2026,21:12,21:12,Second,None,Them,Inferno,CT,8,3,8,8,1,10,1620,67,43,Loss,17845,2,,,,,,,1,1,0,,,,
965,1,1/14/2026,22:09,22:09,Second,AimLabs,Us,Dust II,CT,10,4,2,4,3,9,1666,87,21,Win,17460,1,,,,,,,2,0,1,-2.11,44,39,33
966,1,1/15/2026,20:47,20:47,First,None,Us,Mirage,T,,,,,,,,,,Win,17825,1,,,,,,,1,0,2,,,,
967,1,1/16/2026,20:11,20:11,Second,None,Us,Train,CT,1,2,7,11,5,4,1313,69,25,Win,18181,5,,,,,,,1,0,3,-0.76,28,57,71
968,1,1/16/2026,20:43,20:43,First,None,Us,Train,T,5,4,12,5,4,6,1275,63,50,Loss,18536,5,,,,,,,2,1,0,-2.71,27,42,56
969,1,1/16/2026,21:17,21:17,First,None,Us,Mirage,T,10,1,5,5,1,6,1454,76,26,Win,18279,5,,,,,,,3,0,1,0.06,44,69,49
970,1,1/17/2026,19:37,19:37,Second,None,Us,Mirage,CT,,,,,,,1130,53,57,Loss,18631,5,,,,,,,1,1,0,,,,
971,1,1/17/2026,20:15,20:15,Second,None,Them,Dust II,CT,11,4,9,12,3,10,2334,77,26,Tie,18292,4,,,,,,,2,0,0,,,,
972,1,1/17/2026,21:06,21:06,First,None,Us,Mirage,T,3,0,12,5,3,4,1017,53,50,Loss,18345,5,,,,,,,3,1,0,,,,
973,1,1/17/2026,21:40,21:40,First,None,Us,Nuke,T,7,3,9,10,3,3,1557,86,17,Win,18073,5,,,,,,,4,0,1,,,,
974,1,1/18/2026,16:05,16:05,First,None,Them,Overpass,T,9,0,8,4,2,5,1148,63,15,Loss,18441,2,,,,,,,1,1,0,,,,
975,1,1/18/2026,16:40,16:40,First,None,Them,Inferno,CT,9,1,8,5,4,10,1621,73,50,Loss,18152,2,,,,,,,2,2,0,,,,
976,1,1/25/2026,20:36,20:36,Second,None,Them,Nuke,CT,8,3,14,2,4,7,1416,48,20,Win,Unrated,2,,,,,,,1,0,1,,,,
977,2,1/25/2026,22:19,22:19,First,None,Them,Mirage,T,10,3,8,10,3,5,2211,100,20,Win,Unrated,5,,,,,,,2,0,2,,,,
978,2,1/25/2026,22:55,22:55,Second,None,Us,Nuke,CT,7,4,5,7,8,10,,,,Loss,Unrated,5,,,,,,,3,1,0,,,,
979,1,1/27/2026,23:06,23:06,Second,AimLabs,Us,Inferno,CT,2,5,12,7,2,9,1604,53,33,Win,Unrated,1,,,,,,,1,0,1,,,,
980,1,1/31/2026,20:02,20:02,First,Deathmatch,Them,Nuke,T,9,4,12,4,3,11,1559,51,42,Loss,Unrated,1,,,,,,,1,1,0,,,,
981,1,1/31/2026,23:08,23:08,First,None,Us,Ancient,T,,,,,,,1843,63,29,Win,Unrated,1,,,,,,,2,0,1,,,,
982,2,2/1/2026,0:07,0:07,First,None,,Ancient,T,9,2,9,,,,,,,Loss,Unrated,5,,,,,,,1,1,0,,,,
983,2,2/1/2026,0:40,0:40,Second,None,Us,Nuke,CT,15,0,7,9,3,7,2071,86,,Win,Unrated,5,,,,,,,2,0,1,,,,
984,1,2/1/2026,18:40,18:40,Second,None,Them,Dust II,CT,2,5,9,3,4,10,1252,59,20,Loss,Unrated,1,,,,,,,3,1,0,,,,
985,1,2/1/2026,19:19,19:19,Second,None,Them,Mirage,CT,4,2,8,6,1,9,1256,64,20,Loss,Unrated,3,,,,,,,4,2,0,,,,
986,1,2/1/2026,19:57,19:57,Second,None,Them,Anubis,CT,8,3,9,9,4,8,1974,85,23,Loss,Unrated,2,,,,,,,5,3,0,,,,
987,1,2/1/2026,20:41,20:41,Second,None,Us,Dust II,T,5,3,10,1,1,5,589,29,50,Loss,Unrated,2,,,,,,,6,4,0,,,,
988,1,2/1/2026,21:15,21:15,Second,None,Us,Anubis,CT,3,4,3,7,12,9,1894,105,20,Win,Unrated,2,,,,,,,7,0,1,,,,
989,1,2/2/2026,22:04,22:04,First,None,Them,Anubis,T,6,4,7,6,2,11,1613,70,33,Win,Unrated,1,,,,,,,1,0,2,,,,
990,1,2/3/2026,20:41,20:41,First,Deathmatch,Neither,Dust II,T,8,4,9,11,2,8,2103,100,42,Loss,Unrated,1,,,,,,,1,1,0,7.54,34,57,72
991,1,2/3/2026,21:18,21:18,Second,None,Us,Ancient,CT,0,0,0,0,0,1,16,16,0,Loss,Unrated,1,,,,,S,,2,2,0,-3.45,41,28,15
992,1,2/3/2026,21:32,21:32,Second,Deathmatch,Them,Dust II,CT,4,5,9,9,1,7,1594,69,46,Loss,Unrated,1,,,,,,,3,3,0,,,,
993,2,2/4/2026,23:01,23:01,First,None,Them,Inferno,CT,,,,,,,1694,80,25,Loss,Unrated,5,,,,,,,1,4,0,,,,
994,2,2/4/2026,23:45,23:45,Second,None,Them,Dust II,CT,5,2,8,6,5,8,1571,71,63,Loss,Unrated,5,,,,,,,2,5,0,-1.3,38,35,57
995,2,2/5/2026,0:24,0:24,Second,None,Them,Anubis,CT,,,,11,1,7,,,,Win,Unrated,5,,,,,,,1,0,1,4.6,54,36,64
996,1,2/6/2026,21:20,21:20,Second,None,Us,Ancient,T,7,7,8,3,1,3,1264,74,30,Win,Unrated,1,,,,,,,1,0,2,,32,42,66
997,1,2/6/2026,22:14,22:14,Second,AimLabs,Us,Ancient,CT,8,4,8,11,1,10,2006,83,47,Loss,Unrated,1,,,,,,,2,1,0,-2.64,26,63,54
998,1,2/6/2026,23:17,23:17,First,AimLabs,Them,Anubis,T,1,3,11,8,5,5,1831,83,55,Win,Unrated,1,,,,,,,3,0,1,,,,
999,2,2/7/2026,22:20,22:20,Second,None,,Overpass,CT,,,,,,,3440,114,13,Tie,Unrated,5,,,,,,,1,0,0,,,,
1000,2,2/7/2026,,,Second,None,Us,Nuke,T,10,5,6,1,1,0,1270,90,27,Win,Unrated,5,,,,,EML,,2,0,1,,,,
1001,2,2/7/2026,23:52,23:52,First,None,Us,Anubis,T,13,3,8,11,1,3,2647,139,29,Win,Unrated,5,,,,,,,3,0,2,,,,
1002,1,2/11/2026,20:44,20:44,Second,None,Us,Dust II,CT,6,0,9,11,2,8,1603,66,47,Loss,Unrated,2,,,,,,,1,1,0,,,,
1003,1,2/11/2026,21:25,21:25,First,None,Neither,Ancient,T,2,6,10,13,2,4,1436,68,13,Win,Unrated,2,,,,,,,2,0,1,3.53,36,44,80
1004,1,2/12/2026,22:14,22:14,Second,Deathmatch,Us,Overpass,CT,6,2,5,8,2,7,1314,73,28,Win,Unrated,1,,,,,,,1,0,2,,,,
1005,2,2/15/2026,0:03,0:03,First,None,Neither,Mirage,T,11,2,6,9,5,8,2206,91,25,Win,Unrated,4,,,,,,,1,0,3,,,,
1006,2,2/15/2026,0:52,0:52,First,None,Us,Anubis,CT,,,,,,,1218,58,10,Loss,Unrated,5,,,,,,,2,1,0,,,,
1007,2,2/15/2026,1:33,1:33,Second,None,,Inferno,CT,3,2,3,8,1,12,1031,68,36,Loss,Unrated,5,,,,,,,3,2,0,,,,
1008,1,2/15/2026,21:31,21:31,Second,None,Them,Dust II,CT,13,4,6,,,,,,,Win,Unrated,1,,,,,,,4,0,1,,,,
1009,1,2/15/2026,22:15,22:15,First,None,Them,Inferno,T,,,,,,,1484,74,41,Win,16501,2,,,,,,,5,0,2,,,,
1010,1,2/15/2026,22:53,22:53,First,None,Us,Dust II,CT,,,,,,,637,35,16,Loss,16982,3,,,,,,,6,1,0,,,,
1011,1,2/15/2026,23:23,23:23,Second,None,Neither,Ancient,CT,3,0,3,4,2,10,899,59,0,Loss,16870,2,,,,,,,7,2,0,,,,
1012,1,2/16/2026,23:50,23:50,Second,None,Them,Overpass,CT,3,4,10,6,3,8,1158,52,44,Loss,16769,2,,,,,,,1,3,0,,,,
1013,1,2/16/2026,22:52,22:52,First,Deathmatch,Us,Ancient,CT,2,1,6,5,0,7,743,37,57,Win,16656,1,,,,,EML,,2,0,1,-8.16,23,48,54
1014,1,2/16/2026,23:35,23:35,Second,AimLabs,Us,Nuke,CT,7,0,5,7,3,8,1486,78,28,Win,17021,1,,,,,,,3,0,2,,,,
1015,2,2/17/2026,0:20,0:20,Second,None,,Dust II,CT,10,2,9,15,3,6,2417,100,16,Loss,Unrated,5,,,,,,,1,1,0,,,,
1016,2,2/17/2026,0:57,0:57,Second,None,Us,Mirage,CT,8,0,8,16,1,6,1687,84,29,Loss,Unrated,5,,,,,,,2,2,0,,,,
1017,1,2/18/2026,22:00,22:00,First,AimLabs,Them,Mirage,T,11,1,6,5,0,0,1351,75,43,Win,17379,1,,,,,,,1,0,1,,,,
1018,1,2/22/2026,19:38,19:38,Second,AimLabs,Us,Nuke,CT,6,1,4,11,3,4,,103,58,Win,17730,1,,,,,,,1,0,2,7.36,31,86,21
1019,1,2/27/2026,21:19,21:19,First,None,,Dust II,T,6,5,10,8,2,9,1781,59,,Win,18103,5,,,,,,,1,0,3,,,,
1020,1,2/28/2026,22:30,20:30,Second,None,Them,Ancient,CT,2,0,3,8,6,11,1379,91,50,Loss,18457,4,,,,,,,1,1,0,,,,
1021,1,2/28/2026,22:56,22:56,Second,None,Us,Nuke,CT,7,2,9,5,3,7,,66,16,Loss,18167,4,,,,,EML,,2,2,0,,,,
1022,1,3/6/2026,23:16,23:16,Second,None,Us,Inferno,T,10,3,8,7,2,5,1691,84,,Win,17844,1,,,,,,,1,0,1,2.87,43,61,74
1023,2,3/13/2026,23:42,23:42,Second,None,Us,Ancient,T,7,2,11,5,1,2,,,,Win,Unrated,2,,,,,BC->S,,1,0,2,,,,
1024,2,3/17/2026,21:34,21:34,Second,None,Neither,Ancient,CT,0,0,6,4,2,11,761,42,0,Loss,Unrated,2,,,,,,,1,1,0,,,,
1025,2,3/17/2026,22:00,22:00,First,None,,Mirage,T,7,2,12,1,5,7,1179,65,62,Loss,Unrated,2,,,,,,,2,2,0,,,,
1026,2,3/17/2026,22:28,22:28,Second,None,Us,Dust II,CT,8,7,9,12,0,8,2001,83,40,Loss,Unrated,2,,,,,,,3,3,0,,,,
1027,2,3/20/2026,22:09,22:09,First,None,Them,Mirage,CT,11,2,12,8,3,8,1835,76,21,Win,Unrated,2,,,,,,,1,0,1,,,,
1028,2,3/20/2026,23:04,23:04,First,None,Neither,Nuke,T,12,1,10,10,5,4,2462,117,,Win,Unrated,2,,,,,,,2,0,2,,,,
1029,2,3/21/2026,18:58,18:58,Second,None,Neither,Mirage,CT,3,3,3,5,9,9,1317,82,25,Win,Unrated,2,,,,,,,1,0,3,,,,
1030,2,3/21/2026,21:19,21:19,Second,None,Us,Nuke,CT,6,0,6,12,5,8,1729,78,16,Loss,10663,2,,,,,,,2,1,0,,,,
1031,2,3/21/2026,21:57,21:57,First,None,,Inferno,T,10,5,10,3,3,5,1866,109,53,Loss,10540,2,,,,,,,3,2,0,,,,
1032,2,3/24/2026,20:25,20:25,First,None,Us,Nuke,CT,2,1,1,11,2,4,1232,88,38,Win,10430,2,,,,,,,1,0,1,,,,
1033,2,3/24/2026,20:52,20:52,First,None,Them,Mirage,T,8,3,10,12,1,8,2308,96,35,Win,10852,2,,,,,,,2,0,2,,,,
1034,2,3/24/2026,21:38,21:38,First,None,Them,Dust II,CT,,,,,,,3860,128,56,Tie,11278,2,,,,,,,3,0,0,,,,
1035,2,3/26/2026,19:54,19:54,Second,None,,Nuke,CT,4,1,9,11,6,9,1753,79,33,Loss,,2,,,,,,,1,1,0,,,,
1036,2,3/28/2026,20:34,20:34,First,None,Us,Dust II,T,11,2,9,10,3,9,2068,89,28,Loss,11230,2,,,,,,,1,2,0,,,,
1037,2,3/28/2026,21:13,21:13,Second,None,Them,Dust II,CT,,,,,,,,,,Tie,11124,2,,,,,,,2,0,0,,,,
1038,2,3/28/2026,22:09,22:09,First,None,Us,Mirage,T,13,2,11,7,1,5,1908,106,40,Loss,11071,2,,,,,,,3,1,0,,,,
1039,1,3/31/2026,22:47,22:47,Second,None,Us,Nuke,T,10,4,9,9,0,7,1915,83,42,Loss,Unrated,2,,,,,,,1,2,0,,,,
1040,1,4/1/2026,23:01,23:01,Second,None,Us,Overpass,CT,9,4,10,10,2,7,,81,36,Win,Unrated,2,,,,,,,1,0,1,,,,
1041,2,4/3/2026,23:35,23:35,First,None,Us,Anubis,CT,4,2,4,9,4,10,1823,113,46,Loss,10768,2,,,,,,,1,1,0,,,,
1042,2,4/5/2026,21:13,21:13,First,None,Them,Overpass,T,11,1,11,5,2,4,1862,103,12,Loss,10390,2,,,,,,,1,2,0,,,,
1043,2,4/5/2026,21:48,21:48,First,None,Us,Dust II,T,9,2,7,11,7,7,2107,91,45,Win,10022,2,,,,,,,2,0,1,,,,
1044,1,4/10/2026,22:07,22:07,First,None,,Anubis,T,9,2,8,2,4,2,1226,76,,Win,17527,2,,,,,,,1,0,2,,,,
1045,1,4/10/2026,22:36,22:36,Second,None,Us,Mirage,CT,7,1,4,9,3,6,1175,58,18,Win,17916,2,,,,,,,2,0,3,,,,
1046,2,4/11/2026,19:30,19:30,First,None,,Overpass,T,,,,,,,938,55,0,Win,10373,2,,,,,,,1,0,4,,,,
1047,2,4/11/2026,20:03,20:03,First,None,Us,Dust II,T,7,3,11,3,1,5,1129,59,10,Loss,10745,2,,,,,,,2,1,0,,,,
1048,2,4/11/2026,20:36,20:36,First,None,Them,Inferno,T,13,3,6,8,3,4,2140,112,38,Win,10449,2,,,,,,,3,0,1,,,,
1049,1,4/12/2026,21:50,21:50,First,None,Neither,Dust II,T,11,6,10,6,4,6,2019,96,52,Win,18317,2,,,,,,,1,0,2,,,,
1050,1,4/12/2026,22:30,22:30,Second,None,Us,Mirage,CT,2,4,6,10,5,9,1937,107,33,Loss,18733,2,,,,,,,2,1,0,,,,
1051,1,4/13/2026,21:54,21:54,Second,None,Us,Ancient,CT,4,1,3,6,4,11,1429,89,60,Loss,18615,1,,,,,TML,,1,2,0,-1.4,35,37,54
1052,1,4/13/2026,22:27,22:27,Second,None,Us,Mirage,CT,9,1,9,9,3,8,,82,11,Win,18493,1,,,,,,,2,0,1,,,,
1053,2,4/15/2026,21:28,21:28,First,None,Us,Dust II,,11,5,10,5,1,6,2048,107,37,Loss,10805,2,,,,,,,1,1,0,,,,
1054,2,4/16/2026,21:49,21:49,First,None,Us,Mirage,T,13,1,10,6,3,5,1991,94,42,Loss,10453,2,,,,,,,1,2,0,,,,
1055,2,4/16/2026,22:24,22:24,Second,None,Us,Dust II,CT,6,5,8,9,2,8,1807,82,26,Loss,10127,2,,,,,,,2,3,0,,,,
1056,1,4/19/2026,20:55,20:55,Second,AimLabs,Us,Inferno,CT,7,4,6,9,1,6,1609,80,43,Win,18865,1,,,,,,,1,0,1,4.09,36,54,57
1057,1,4/19/2026,21:59,21:59,First,Deathmatch,,Inferno,CT,4,8,9,11,3,9,1926,80,20,Win,19203,1,,,,,,,2,0,2,,,,
1058,2,4/19/2026,22:42,22:42,First,None,,Nuke,T,18,2,9,14,4,8,2934,97,25,Tie,10000,2,,,,,,,3,0,0,,,,
1059,2,4/19/2026,23:40,23:40,Second,None,Neither,Anubis,CT,4,3,2,11,7,9,1675,98,26,Win,10000,2,,,,,,,4,0,1,,,,
1060,1,4/20/2026,21:23,21:23,Second,None,,Dust II,CT,4,3,3,4,1,10,824,41,25,Win,19497,5,,,,,EL,,1,0,2,,,,
1061,1,4/24/2026,23:44,23:44,First,AimLabs,Us,Nuke,T,8,2,9,8,5,8,1537,64,31,Win,19859,2,,,,,TML,,1,0,3,,,,
1062,1,4/26/2026,22:18,22:18,Second,AimLabs,Us,Mirage,CT,2,2,4,10,5,6,1373,85,25,Win,19999,1,,,,,,,1,0,4,6.58,42,84,88
1063,1,4/27/2026,23:17,23:17,First,None,Us,Anubis,CT,16,1,10,13,4,8,2633,90,38,Loss,20115,2,,,,,TML,,1,1,0,,,,
1064,1,4/29/2026,21:01,21:01,Second,None,Them,Inferno,CT,5,0,7,7,0,11,1187,62,50,Loss,20008,1,,,,,,,1,2,0,,,,
1065,1,4/29/2026,21:43,21:43,First,None,Us,Mirage,T,7,4,10,,,,,,,Loss,20000,1,,,,,,,2,3,0,,,,
1066,2,4/29/2026,22:22,22:22,Second,None,Us,Mirage,T,12,4,9,13,3,6,2405,100,16,Win,10156,2,,,,,,,3,0,1,,,,
1067,2,4/29/2026,23:03,23:03,First,None,,Inferno,CT,1,1,4,8,1,10,1248,78,44,Loss,10509,2,,,,,,,4,1,0,,,,
1068,1,4/30/2026,0:19,0:19,Second,None,,Inferno,CT,11,7,10,10,4,8,1902,65,,Win,19887,2,,,,,,,1,0,1,,,,
1069,1,5/1/2026,21:24,21:24,Second,AimLabs,Neither,Anubis,CT,10,1,9,8,3,6,1839,76,22,Loss,19999,1,,,,,,,1,1,0,,,,
1070,1,5/3/2026,19:08,19:08,Second,AimLabs,Them,Inferno,CT,4,3,7,7,8,12,1705,77,9,Win,19435,1,,,,,,,1,0,1,-4.59,,,
1071,1,5/3/2026,19:54,19:54,First,None,,Mirage,T,8,1,10,10,5,6,1804,82,38,Loss,19619,1,,,,,,,2,1,0,,,,
1072,2,5/3/2026,21:11,21:11,First,None,,Mirage,CT,6,5,4,17,3,7,2487,146,21,Win,10182,2,,,,,,,3,0,1,,,,
1073,2,5/3/2026,21:44,21:44,Second,None,Us,Mirage,CT,11,1,4,11,4,4,2029,106,13,Win,10546,2,,,,,,,4,0,2,,,,
1074,2,5/3/2026,22:17,22:17,First,None,,Nuke,T,15,4,9,9,2,6,2676,133,20,Loss,10896,2,,,,,,,5,1,0,,,,
1075,2,5/3/2026,23:12,23:12,First,None,,Dust II,T,7,3,7,11,2,5,1885,81,16,Win,10686,5,,,,,,,6,0,1,,,,
1076,2,5/4/2026,0:27,0:27,Second,None,Them,Inferno,CT,9,3,10,7,6,8,2468,102,27,Loss,11053,5,,,,,,,1,1,0,,,,
1077,2,5/4/2026,18:56,18:56,Second,None,Them,Mirage,CT,15,3,12,16,5,8,2164,105,25,Win,10762,2,,,,,,,2,0,1,,,,
1078,2,5/4/2026,19:44,19:44,Second,None,,Nuke,CT,,,,,,,1313,82,33,Win,10712,2,,,,,,,3,0,2,,,,
1079,2,5/4/2026,22:45,22:45,First,None,Them,Inferno,T,6,5,8,6,1,3,1585,83,33,Win,11018,2,,,,,,,4,0,3,,,,
1080,2,5/4/2026,23:23,23:23,Second,None,,Nuke,CT,8,3,2,15,6,3,2208,129,36,Win,11373,2,,,,,,,5,0,4,,,,
1081,1,5/5/2026,23:47,23:47,Second,Deathmatch,Us,Anubis,CT,9,1,6,5,3,7,1205,54,28,Win,19260,1,,,,,,,1,0,5,,,,
1082,1,5/6/2026,19:47,19:47,Second,AimLabs,Neither,Dust II,CT,9,3,8,4,1,6,,63,30,Loss,19597,1,,,,,,,1,1,0,,,,
1083,1,5/6/2026,22:02,22:02,Second,Deathmatch,Us,Mirage,CT,6,1,6,3,1,9,1362,68,55,Loss,19182,1,,,,,,,2,2,0,,,,
1084,1,5/6/2026,22:43,22:43,Second,Deathmatch,Us,Inferno,T,7,3,8,4,1,3,1060,58,36,Loss,18879,1,,,,,,,3,3,0,,,,
1085,1,5/7/2026,18:48,18:48,Second,Deathmatch,Them,Overpass,CT,2,3,6,11,3,7,1433,68,,Loss,18503,1,,,,,,,1,4,0,,,,
1086,2,5/7/2026,19:29,19:29,First,None,Us,Ancient,T,,,,,,,3309,110,14,Loss,11744,2,,,,,,,2,5,0,,,,
1087,1,5/7/2026,22:40,22:40,Second,Deathmatch,Us,Mirage,CT,6,4,14,5,2,8,1108,38,45,Loss,18076,1,,,,,,,3,6,0,,,,
1088,1,5/7/2026,23:38,23:38,Second,None,,Mirage,CT,4,0,9,5,2,8,1178,56,33,Loss,17700,3,,,,,,,4,7,0,,,,
1089,1,5/8/2026,0:19,0:19,First,None,Us,Nuke,T,11,2,7,5,2,3,1722,101,6,Win,17383,4,,,,,,,1,0,1,,,,
1090,1,5/8/2026,20:40,20:40,Second,None,Them,Mirage,CT,0,1,4,0,1,8,261,16,0,Loss,17570,5,,,,,,,2,1,0,,,,
1091,1,5/8/2026,21:12,21:12,Second,None,Them,Nuke,CT,8,1,9,7,3,8,1770,73,26,Loss,17437,5,,,,,,,3,2,0,,,,
1092,1,5/8/2026,21:57,21:57,First,None,,Overpass,T,3,1,8,1,0,7,668,35,50,Loss,,5,,,,,,,4,3,0,,,,
1093,1,5/8/2026,22:34,22:34,Second,None,Them,Ancient,T,2,4,10,5,2,9,1309,62,42,Loss,17205,5,,,,,,,5,4,0,,,,
1094,1,5/8/2026,23:13,23:13,Second,None,,Anubis,CT,,,,,,,1768,84,27,Win,17091,2,,,,,,,6,0,1,,,,
1095,2,5/12/2026,0:25,0:25,,None,Us,Inferno,T,10,2,8,8,3,7,1813,75,38,Loss,11387,3,,,,,,,1,1,0,,,,
1096,2,5/12/2026,1:11,1:11,First,None,Them,Inferno,T,15,6,8,6,0,5,2280,114,57,Win,11143,3,,,,,,,2,0,1,,,,
1097,1,5/12/2026,22:07,22:07,First,AimLabs,Neither,Ancient,T,9,7,7,,,,,,,Win,,5,,,,,,,3,0,2,,,,
1098,1,5/12/2026,22:36,22:36,First,None,,Nuke,T,5,5,10,5,6,11,1682,70,30,Loss,17795,5,,,,,,,4,1,0,,,,
1099,1,5/12/2026,23:20,23:20,Second,None,Us,Inferno,CT,8,4,11,19,3,8,2529,90,44,Loss,17521,5,,,,,,,5,2,0,,,,
1100,2,5/18/2026,21:26,21:26,First,None,Them,Mirage,T,10,2,10,15,2,5,2218,100,32,Win,11495,2,,,,,,,1,0,1,,,,
1101,2,5/18/2026,22:04,22:04,Second,None,Them,Overpass,CT,7,1,7,9,4,9,2115,100,12,Loss,11848,2,,,,,,,2,1,0,,,,
1102,1,5/25/2026,19:15,19:15,Second,Deathmatch,Us,Mirage,CT,7,4,4,9,2,11,1975,94,56,Win,17162,1,,,,,,,1,0,1,,,,
1103,2,5/31/2026,18:39,18:39,Second,None,Us,Nuke,CT,4,2,6,7,1,8,1251,69,27,Loss,11571,2,,,,,BC,,1,1,0,,,,
1104,1,6/9/2026,18:11,18:11,Second,AimLabs,Them,Nuke,CT,4,1,5,8,4,9,1523,80,41,Loss,Unrated,1,,,,,,,1,2,0,-5.37,43,90,48
1105,1,6/9/2026,18:46,18:46,Second,None,Us,Anubis,CT,0,2,4,7,3,10,1057,66,14,Loss,Unrated,1,,,,,,,2,3,0,-7.43,18,87,68
1106,1,6/9/2026,19:47,19:47,Second,Deathmatch,Them,Inferno,CT,3,1,4,10,1,5,1150,63,46,Win,Unrated,1,,,,,,,3,0,1,,,,
1107,2,6/11/2026,18:59,18:59,Second,None,Us,Ancient,CT,12,5,7,8,1,9,2073,94,25,Win,11217,2,,,,,,,1,0,2,,,,
1108,2,6/11/2026,19:40,19:40,Second,None,Them,Nuke,CT,7,0,3,10,5,8,1491,82,41,Win,11580,2,,,,,,,2,0,3,,,,
1109,2,6/13/2026,16:13,16:13,Second,None,Them,Dust II,CT,7,7,8,9,3,9,2116,96,43,Loss,11896,2,,,,,,,1,1,0,-0.67,43,72,48
1110,2,6/13/2026,16:55,16:55,Second,None,Us,Dust II,CT,13,4,8,12,5,8,2622,114,52,Win,11537,2,,,,,,,2,0,1,,,,
1111,2,6/13/2026,17:40,17:40,Second,None,Them,Dust II,CT,,,,,,,,,,Loss,11888,2,,,,,,,3,1,0,,,,
1112,2,6/13/2026,18:21,18:21,Second,None,,Inferno,CT,20,0,9,14,4,11,3591,119,32,Win,11473,2,,,,,,,4,0,1,,,,
1113,2,6/13/2026,21:28,21:28,Second,None,Us,Mirage,CT,6,7,9,15,7,3,2758,119,28,Win,11840,2,,,,,,,5,0,2,,,,
1114,2,6/13/2026,22:06,22:06,First,None,Us,Overpass,T,14,3,9,8,2,3,2041,113,13,Win,12208,2,,,,,EML,,6,0,3,,,,
1115,2,6/13/2026,22:39,22:39,Second,None,Us,Nuke,CT,2,2,6,16,4,9,1935,101,33,Loss,12575,2,,,,,,,7,1,0,,,,
1116,2,6/13/2026,23:18,23:18,First,None,,Dust II,T,5,4,9,1,0,4,1046,65,0,Loss,12248,2,,,,,,,8,2,0,,,,
1117,1,6/15/2026,19:50,19:50,First,None,Us,Dust II,T,10,4,7,12,4,10,1855,77,18,Loss,16521,2,,,,,,,1,3,0,,,,
1118,2,6/17/2026,,,Second,None,,Dust II,CT,16,3,11,8,4,10,,87,37,Loss,11898,2,,,,,,,1,4,0,,,,
1119,2,6/17/2026,19:49,19:49,Second,None,Them,Dust II,CT,2,1,4,7,2,10,1318,77,33,Loss,11538,2,,,,,,,2,5,0,,,,
1120,1,6/20/2026,21:36,21:36,Second,None,Us,Dust II,CT,,,,,,,,69,40,Loss,16403,5,,,,,,,1,6,0,,,,
1121,1,6/20/2026,22:08,22:08,First,None,Neither,Ancient,T,1,0,12,0,0,1,338,26,100,Loss,16300,5,,,,,,,2,7,0,-14.37,,,
1122,1,6/20/2026,22:35,22:35,Second,None,Us,Anubis,CT,1,3,9,3,11,6,1061,55,25,Loss,16067,2,,,,,,,3,8,0,,,,
1123,1,6/21/2026,18:46,18:46,Second,AimLabs,Us,Mirage,CT,5,3,11,7,1,8,1561,55,33,Win,15726,2,,,,,,,1,0,1,-1.48,28,56,60
1124,1,6/25/2026,19:01,19:01,Second,None,Them,Overpass,CT,6,2,10,7,5,7,1640,71,,Loss,16078,5,,,,,,,1,1,0,-5.98,53,43,68
1125,1,6/25/2026,19:48,19:48,Second,None,Them,Anubis,T,,,,,,,,,,Win,15769,5,,,,,,,2,0,1,-0.46,27,77,71
1126,1,6/25/2026,21:11,21:11,First,None,Them,Ancient,T,5,1,11,1,0,5,1067,59,33,Loss,16142,1,,,,,,,3,1,0,,,,
1127,1,6/25/2026,21:56,21:56,Second,Deathmatch,Us,Nuke,CT,4,4,6,9,3,7,1453,69,,Loss,15916,1,,,,,,,4,2,0,,,,
1128,1,6/27/2026,20:19,20:19,First,Deathmatch,Us,Mirage,T,9,4,12,10,2,9,2015,67,,Tie,15536,1,,,,,,,1,0,0,,,,
1129,2,6/28/2026,0:18,0:18,First,None,Us,Nuke,CT,5,2,7,12,3,10,1806,86,35,Loss,11178,5,,,,,,,1,1,0,,,,
1130,1,6/28/2026,17:19,17:19,Second,AimLabs,Neither,Overpass,T,2,5,9,11,4,5,1515,72,23,Win,15474,1,,,,,,,2,0,1,,,,
1131,1,7/3/2026,18:21,18:21,FIrst,AimLabs,Us,Overpass,T,10,3,12,12,0,9,2446,81,,Loss,15747,1,,,,,,,1,1,0,,,,
1132,1,7/3/2026,19:38,19:38,First,None,Us,Inferno,CT,9,1,3,17,1,5,1813,95,57,Win,15402,1,,,,,,,2,0,1,8.55,45,92,61
1133,1,7/3/2026,20:21,20:21,First,None,Neither,Overpass,T,9,5,14,12,3,9,2319,77,,Win,15611,1,,,,,,,3,0,2,,,,
1134,1,7/4/2026,18:44,18:44,Second,None,Neither,Inferno,CT,4,3,3,14,3,4,1698,94,11,Win,15970,1,,,,,,,1,0,3,,,,
1135,1,7/13/2026,18:32,18:32,First,None,Us,Dust II,T,5,3,8,3,3,9,1322,60,25,Loss,Unrated,1,,,,,,,1,1,0,,,,
1136,1,7/13/2026,19:17,19:17,First,None,,Nuke,T,6,3,8,6,4,8,,,,Loss,Unrated,1,,,,,,,2,2,0,,,,
1137,1,7/13/2026,19:56,19:56,Second,None,Them,Nuke,CT,5,4,7,8,5,9,,,,Win,Unrated,5,,,,,,,3,0,1,,,,
1138,1,7/14/2026,18:58,18:58,First,None,Us,Mirage,T,4,7,11,4,0,7,1143,57,,Loss,Unrated,1,,,,,,,1,1,0,,,,
1139,1,7/14/2026,19:41,19:41,Second,None,Us,Anubis,T,6,3,8,5,1,6,,70,27,Loss,Unrated,1,,,,,,,2,2,0,,,,
1140,1,7/15/2026,19:25,19:25,First,None,Us,Dust II,T,4,4,9,2,8,9,1559,64,33,Win,Unrated,1,,,,,,,1,0,1,,,,
1141,1,7/16/2026,17:52,17:52,First,Deathmatch,Them,Anubis,CT,,,,,,,2222,111,47,Win,Unrated,1,,,,,,,1,0,2,,,,
1142,1,7/17/2026,19:16,19:16,First,AimLabs,Us,Anubis,T,,,,,,,,,,Loss,Unrated,1,,,,,BC,,1,1,0,,,,
1143,1,7/17/2026,19:52,19:52,First,Deathmatch,Us,Cache,T,9,1,8,14,4,8,2108,87,21,Win,Unrated,1,,,,,,,2,0,1,,,,
1144,1,7/18/2026,19:44,19:44,Second,AimLabs,Us,Dust II,CT,,,,,,,,,,Win,Unrated,1,,,,,,,1,0,2,,,,
1145,1,7/18/2026,20:22,20:22,First,None,Us,Anubis,T,9,2,8,,,,,,,Loss,Unrated,1,,,,,,,2,1,0,,,,
1146,1,7/18/2026,21:23,21:23,Second,Deathmatch,Us,Inferno,CT,1,0,5,8,1,9,894,52,44,Loss,Unrated,1,,,,,,,3,2,0,,,,
1147,1,7/18/2026,22:06,22:06,Second,AimLabs,Us,Dust II,CT,3,5,5,11,1,6,,62,14,Win,Unrated,1,,,,,,,4,0,1,,,,
1148,1,7/19/2026,18:21,18:21,Second,None,,Dust II,CT,7,4,6,11,3,6,,97,55,Win,Unrated,2,,,,,,,1,0,2,4.86,44,69,63
1149,1,7/19/2026,18:59,18:59,First,None,,Anubis,T,,,,,,,2209,78,7,Win,Unrated,2,,,,,,,2,0,3,4.28,22,53,52
1150,2,7/27/2026,17:12,17:12,First,None,Us,Mirage,CT,8,1,6,8,1,11,1746,87,43,Loss,Unrated,2,,,,,,,1,1,0,,,,
1151,1,7/27/2026,19:54,19:54,Second,AimLabs,Us,Cache,CT,4,6,11,5,2,9,1467,61,,Win,Unrated,1,,,,,,,2,0,1,,,,
1152,1,7/28/2026,18:16,18:16,Second,AimLabs,Them,Mirage,CT,11,3,9,7,5,9,1914,83,44,Loss,16647,1,,,,,,,1,1,0,,,,
1153,2,7/28/2026,19:00,19:00,First,None,Them,Inferno,T,10,4,8,4,1,7,1526,66,42,Win,16543,2,,,,,,,2,0,1,,,,
1154,2,7/28/2026,19:42,19:42,Second,None,Them,Nuke,CT,5,3,13,9,6,8,,62,35,Win,16953,2,,,,,,,3,0,2,,,,
1155,1,8/15/2026,17:57,17:57,First,Deathmatch,Us,Nuke,T,12,6,4,2,0,1,1447,103,64,Win,17374,1,,,,,,,1,0,3,,,,
